TimeQuest Timing Analyzer report for raiz
Wed May 27 14:28:14 2026
Quartus II 64-Bit Version 13.0.1 Build 232 06/12/2013 Service Pack 1 SJ Web Edition


---------------------
; Table of Contents ;
---------------------
  1. Legal Notice
  2. TimeQuest Timing Analyzer Summary
  3. Parallel Compilation
  4. Clocks
  5. Slow 1200mV 85C Model Fmax Summary
  6. Timing Closure Recommendations
  7. Slow 1200mV 85C Model Setup Summary
  8. Slow 1200mV 85C Model Hold Summary
  9. Slow 1200mV 85C Model Recovery Summary
 10. Slow 1200mV 85C Model Removal Summary
 11. Slow 1200mV 85C Model Minimum Pulse Width Summary
 12. Slow 1200mV 85C Model Setup: 'clk'
 13. Slow 1200mV 85C Model Hold: 'clk'
 14. Slow 1200mV 85C Model Minimum Pulse Width: 'clk'
 15. Setup Times
 16. Hold Times
 17. Clock to Output Times
 18. Minimum Clock to Output Times
 19. Slow 1200mV 85C Model Metastability Report
 20. Slow 1200mV 0C Model Fmax Summary
 21. Slow 1200mV 0C Model Setup Summary
 22. Slow 1200mV 0C Model Hold Summary
 23. Slow 1200mV 0C Model Recovery Summary
 24. Slow 1200mV 0C Model Removal Summary
 25. Slow 1200mV 0C Model Minimum Pulse Width Summary
 26. Slow 1200mV 0C Model Setup: 'clk'
 27. Slow 1200mV 0C Model Hold: 'clk'
 28. Slow 1200mV 0C Model Minimum Pulse Width: 'clk'
 29. Setup Times
 30. Hold Times
 31. Clock to Output Times
 32. Minimum Clock to Output Times
 33. Slow 1200mV 0C Model Metastability Report
 34. Fast 1200mV 0C Model Setup Summary
 35. Fast 1200mV 0C Model Hold Summary
 36. Fast 1200mV 0C Model Recovery Summary
 37. Fast 1200mV 0C Model Removal Summary
 38. Fast 1200mV 0C Model Minimum Pulse Width Summary
 39. Fast 1200mV 0C Model Setup: 'clk'
 40. Fast 1200mV 0C Model Hold: 'clk'
 41. Fast 1200mV 0C Model Minimum Pulse Width: 'clk'
 42. Setup Times
 43. Hold Times
 44. Clock to Output Times
 45. Minimum Clock to Output Times
 46. Fast 1200mV 0C Model Metastability Report
 47. Multicorner Timing Analysis Summary
 48. Setup Times
 49. Hold Times
 50. Clock to Output Times
 51. Minimum Clock to Output Times
 52. Board Trace Model Assignments
 53. Input Transition Times
 54. Signal Integrity Metrics (Slow 1200mv 0c Model)
 55. Signal Integrity Metrics (Slow 1200mv 85c Model)
 56. Signal Integrity Metrics (Fast 1200mv 0c Model)
 57. Setup Transfers
 58. Hold Transfers
 59. Report TCCS
 60. Report RSKM
 61. Unconstrained Paths
 62. TimeQuest Timing Analyzer Messages



----------------
; Legal Notice ;
----------------
Copyright (C) 1991-2013 Altera Corporation
Your use of Altera Corporation's design tools, logic functions 
and other software and tools, and its AMPP partner logic 
functions, and any output files from any of the foregoing 
(including device programming or simulation files), and any 
associated documentation or information are expressly subject 
to the terms and conditions of the Altera Program License 
Subscription Agreement, Altera MegaCore Function License 
Agreement, or other applicable license agreement, including, 
without limitation, that your use is for the sole purpose of 
programming logic devices manufactured by Altera and sold by 
Altera or its authorized distributors.  Please refer to the 
applicable agreement for further details.



+----------------------------------------------------------------------------------------+
; TimeQuest Timing Analyzer Summary                                                      ;
+--------------------+-------------------------------------------------------------------+
; Quartus II Version ; Version 13.0.1 Build 232 06/12/2013 Service Pack 1 SJ Web Edition ;
; Revision Name      ; raiz                                                              ;
; Device Family      ; Cyclone IV GX                                                     ;
; Device Name        ; EP4CGX15BF14C6                                                    ;
; Timing Models      ; Final                                                             ;
; Delay Model        ; Combined                                                          ;
; Rise/Fall Delays   ; Enabled                                                           ;
+--------------------+-------------------------------------------------------------------+


Parallel compilation was disabled, but you have multiple processors available. Enable parallel compilation to reduce compilation time.
+-------------------------------------+
; Parallel Compilation                ;
+----------------------------+--------+
; Processors                 ; Number ;
+----------------------------+--------+
; Number detected on machine ; 8      ;
; Maximum allowed            ; 1      ;
+----------------------------+--------+


+---------------------------------------------------------------------------------------------------------------------------------------------------------------------------------+
; Clocks                                                                                                                                                                          ;
+------------+------+--------+------------+-------+-------+------------+-----------+-------------+-------+--------+-----------+------------+----------+--------+--------+---------+
; Clock Name ; Type ; Period ; Frequency  ; Rise  ; Fall  ; Duty Cycle ; Divide by ; Multiply by ; Phase ; Offset ; Edge List ; Edge Shift ; Inverted ; Master ; Source ; Targets ;
+------------+------+--------+------------+-------+-------+------------+-----------+-------------+-------+--------+-----------+------------+----------+--------+--------+---------+
; clk        ; Base ; 1.000  ; 1000.0 MHz ; 0.000 ; 0.500 ;            ;           ;             ;       ;        ;           ;            ;          ;        ;        ; { clk } ;
+------------+------+--------+------------+-------+-------+------------+-----------+-------------+-------+--------+-----------+------------+----------+--------+--------+---------+


+-----------------------------------------------------------------------------------------------------------+
; Slow 1200mV 85C Model Fmax Summary                                                                        ;
+------------+-----------------+------------+---------------------------------------------------------------+
; Fmax       ; Restricted Fmax ; Clock Name ; Note                                                          ;
+------------+-----------------+------------+---------------------------------------------------------------+
; 292.48 MHz ; 250.0 MHz       ; clk        ; limit due to minimum period restriction (max I/O toggle rate) ;
+------------+-----------------+------------+---------------------------------------------------------------+
This panel reports FMAX for every clock in the design, regardless of the user-specified clock periods.  FMAX is only computed for paths where the source and destination registers or ports are driven by the same clock.  Paths of different clocks, including generated clocks, are ignored.  For paths between a clock and its inversion, FMAX is computed as if the rising and falling edges are scaled along with FMAX, such that the duty cycle (in terms of a percentage) is maintained. Altera recommends that you always use clock constraints and other slack reports for sign-off analysis.


----------------------------------
; Timing Closure Recommendations ;
----------------------------------
HTML report is unavailable in plain text report export.


+-------------------------------------+
; Slow 1200mV 85C Model Setup Summary ;
+-------+--------+--------------------+
; Clock ; Slack  ; End Point TNS      ;
+-------+--------+--------------------+
; clk   ; -2.419 ; -26.085            ;
+-------+--------+--------------------+


+------------------------------------+
; Slow 1200mV 85C Model Hold Summary ;
+-------+-------+--------------------+
; Clock ; Slack ; End Point TNS      ;
+-------+-------+--------------------+
; clk   ; 0.356 ; 0.000              ;
+-------+-------+--------------------+


------------------------------------------
; Slow 1200mV 85C Model Recovery Summary ;
------------------------------------------
No paths to report.


-----------------------------------------
; Slow 1200mV 85C Model Removal Summary ;
-----------------------------------------
No paths to report.


+---------------------------------------------------+
; Slow 1200mV 85C Model Minimum Pulse Width Summary ;
+-------+--------+----------------------------------+
; Clock ; Slack  ; End Point TNS                    ;
+-------+--------+----------------------------------+
; clk   ; -3.000 ; -31.000                          ;
+-------+--------+----------------------------------+


+-------------------------------------------------------------------------------------------------------------------+
; Slow 1200mV 85C Model Setup: 'clk'                                                                                ;
+--------+--------------------------+---------+--------------+-------------+--------------+------------+------------+
; Slack  ; From Node                ; To Node ; Launch Clock ; Latch Clock ; Relationship ; Clock Skew ; Data Delay ;
+--------+--------------------------+---------+--------------+-------------+--------------+------------+------------+
; -2.419 ; r[0]                     ; t       ; clk          ; clk         ; 1.000        ; -0.064     ; 3.350      ;
; -2.417 ; s[2]                     ; t       ; clk          ; clk         ; 1.000        ; -0.064     ; 3.348      ;
; -2.408 ; s[1]                     ; t       ; clk          ; clk         ; 1.000        ; -0.064     ; 3.339      ;
; -2.317 ; s[3]                     ; t       ; clk          ; clk         ; 1.000        ; -0.064     ; 3.248      ;
; -2.297 ; s[4]                     ; t       ; clk          ; clk         ; 1.000        ; -0.064     ; 3.228      ;
; -2.273 ; r[1]                     ; t       ; clk          ; clk         ; 1.000        ; -0.064     ; 3.204      ;
; -2.227 ; r[4]                     ; t       ; clk          ; clk         ; 1.000        ; -0.063     ; 3.159      ;
; -2.171 ; r[2]                     ; t       ; clk          ; clk         ; 1.000        ; -0.064     ; 3.102      ;
; -2.161 ; r[3]                     ; t       ; clk          ; clk         ; 1.000        ; -0.064     ; 3.092      ;
; -2.036 ; s[5]                     ; t       ; clk          ; clk         ; 1.000        ; -0.064     ; 2.967      ;
; -1.963 ; i[2]                     ; t       ; clk          ; clk         ; 1.000        ; -0.064     ; 2.894      ;
; -1.945 ; r[5]                     ; t       ; clk          ; clk         ; 1.000        ; -0.063     ; 2.877      ;
; -1.760 ; r[1]                     ; r[2]    ; clk          ; clk         ; 1.000        ; -0.065     ; 2.690      ;
; -1.747 ; s[6]                     ; t       ; clk          ; clk         ; 1.000        ; -0.064     ; 2.678      ;
; -1.675 ; r[0]                     ; r[2]    ; clk          ; clk         ; 1.000        ; -0.065     ; 2.605      ;
; -1.483 ; r[0]                     ; r[1]    ; clk          ; clk         ; 1.000        ; -0.065     ; 2.413      ;
; -1.402 ; s[2]                     ; s[7]    ; clk          ; clk         ; 1.000        ; -0.064     ; 2.333      ;
; -1.397 ; r[1]                     ; r[6]    ; clk          ; clk         ; 1.000        ; -0.065     ; 2.327      ;
; -1.338 ; r[5]                     ; s[7]    ; clk          ; clk         ; 1.000        ; -0.063     ; 2.270      ;
; -1.332 ; i[4]                     ; t       ; clk          ; clk         ; 1.000        ; -0.063     ; 2.264      ;
; -1.312 ; r[3]                     ; r[6]    ; clk          ; clk         ; 1.000        ; -0.065     ; 2.242      ;
; -1.312 ; r[0]                     ; r[6]    ; clk          ; clk         ; 1.000        ; -0.065     ; 2.242      ;
; -1.307 ; r[0]                     ; s[6]    ; clk          ; clk         ; 1.000        ; -0.064     ; 2.238      ;
; -1.304 ; r[0]                     ; s[7]    ; clk          ; clk         ; 1.000        ; -0.064     ; 2.235      ;
; -1.297 ; s[2]                     ; s[5]    ; clk          ; clk         ; 1.000        ; -0.065     ; 2.227      ;
; -1.297 ; s[2]                     ; s[6]    ; clk          ; clk         ; 1.000        ; -0.064     ; 2.228      ;
; -1.296 ; s[1]                     ; s[6]    ; clk          ; clk         ; 1.000        ; -0.064     ; 2.227      ;
; -1.286 ; r[0]                     ; r[3]    ; clk          ; clk         ; 1.000        ; -0.065     ; 2.216      ;
; -1.283 ; s[1]                     ; s[7]    ; clk          ; clk         ; 1.000        ; -0.064     ; 2.214      ;
; -1.282 ; s[4]                     ; s[7]    ; clk          ; clk         ; 1.000        ; -0.064     ; 2.213      ;
; -1.276 ; r[1]                     ; r[3]    ; clk          ; clk         ; 1.000        ; -0.065     ; 2.206      ;
; -1.268 ; r[0]                     ; r[7]    ; clk          ; clk         ; 1.000        ; -0.065     ; 2.198      ;
; -1.258 ; r[1]                     ; s[7]    ; clk          ; clk         ; 1.000        ; -0.064     ; 2.189      ;
; -1.258 ; r[1]                     ; r[7]    ; clk          ; clk         ; 1.000        ; -0.065     ; 2.188      ;
; -1.252 ; r[2]                     ; r[2]    ; clk          ; clk         ; 1.000        ; -0.065     ; 2.182      ;
; -1.238 ; r[6]                     ; t       ; clk          ; clk         ; 1.000        ; -0.063     ; 2.170      ;
; -1.224 ; i[6]                     ; t       ; clk          ; clk         ; 1.000        ; -0.063     ; 2.156      ;
; -1.205 ; s[3]                     ; s[6]    ; clk          ; clk         ; 1.000        ; -0.064     ; 2.136      ;
; -1.202 ; r[2]                     ; r[6]    ; clk          ; clk         ; 1.000        ; -0.065     ; 2.132      ;
; -1.199 ; current_state.PROCESSA_0 ; r[4]    ; clk          ; clk         ; 1.000        ; -0.065     ; 2.129      ;
; -1.199 ; current_state.PROCESSA_0 ; r[5]    ; clk          ; clk         ; 1.000        ; -0.065     ; 2.129      ;
; -1.199 ; current_state.PROCESSA_0 ; r[6]    ; clk          ; clk         ; 1.000        ; -0.065     ; 2.129      ;
; -1.199 ; current_state.PROCESSA_0 ; r[7]    ; clk          ; clk         ; 1.000        ; -0.065     ; 2.129      ;
; -1.199 ; s[3]                     ; s[7]    ; clk          ; clk         ; 1.000        ; -0.064     ; 2.130      ;
; -1.199 ; r[0]                     ; s[5]    ; clk          ; clk         ; 1.000        ; -0.065     ; 2.129      ;
; -1.198 ; i[1]                     ; t       ; clk          ; clk         ; 1.000        ; -0.064     ; 2.129      ;
; -1.194 ; r[0]                     ; s[1]    ; clk          ; clk         ; 1.000        ; -0.065     ; 2.124      ;
; -1.192 ; r[0]                     ; s[4]    ; clk          ; clk         ; 1.000        ; -0.064     ; 2.123      ;
; -1.182 ; r[2]                     ; r[3]    ; clk          ; clk         ; 1.000        ; -0.065     ; 2.112      ;
; -1.182 ; s[2]                     ; s[4]    ; clk          ; clk         ; 1.000        ; -0.064     ; 2.113      ;
; -1.181 ; s[1]                     ; s[4]    ; clk          ; clk         ; 1.000        ; -0.064     ; 2.112      ;
; -1.178 ; s[1]                     ; s[5]    ; clk          ; clk         ; 1.000        ; -0.065     ; 2.108      ;
; -1.177 ; s[4]                     ; s[5]    ; clk          ; clk         ; 1.000        ; -0.065     ; 2.107      ;
; -1.177 ; s[4]                     ; s[6]    ; clk          ; clk         ; 1.000        ; -0.064     ; 2.108      ;
; -1.177 ; s[1]                     ; s[1]    ; clk          ; clk         ; 1.000        ; -0.065     ; 2.107      ;
; -1.174 ; s[2]                     ; s[3]    ; clk          ; clk         ; 1.000        ; -0.064     ; 2.105      ;
; -1.173 ; r[3]                     ; r[7]    ; clk          ; clk         ; 1.000        ; -0.065     ; 2.103      ;
; -1.164 ; r[2]                     ; r[7]    ; clk          ; clk         ; 1.000        ; -0.065     ; 2.094      ;
; -1.153 ; r[1]                     ; s[5]    ; clk          ; clk         ; 1.000        ; -0.065     ; 2.083      ;
; -1.153 ; r[1]                     ; s[6]    ; clk          ; clk         ; 1.000        ; -0.064     ; 2.084      ;
; -1.149 ; r[0]                     ; r[5]    ; clk          ; clk         ; 1.000        ; -0.065     ; 2.079      ;
; -1.146 ; r[1]                     ; r[4]    ; clk          ; clk         ; 1.000        ; -0.065     ; 2.076      ;
; -1.146 ; r[3]                     ; s[7]    ; clk          ; clk         ; 1.000        ; -0.064     ; 2.077      ;
; -1.140 ; s[6]                     ; s[7]    ; clk          ; clk         ; 1.000        ; -0.064     ; 2.071      ;
; -1.139 ; r[1]                     ; r[5]    ; clk          ; clk         ; 1.000        ; -0.065     ; 2.069      ;
; -1.131 ; s[7]                     ; t       ; clk          ; clk         ; 1.000        ; -0.064     ; 2.062      ;
; -1.115 ; r[4]                     ; s[6]    ; clk          ; clk         ; 1.000        ; -0.063     ; 2.047      ;
; -1.100 ; r[4]                     ; s[7]    ; clk          ; clk         ; 1.000        ; -0.063     ; 2.032      ;
; -1.094 ; s[3]                     ; s[5]    ; clk          ; clk         ; 1.000        ; -0.065     ; 2.024      ;
; -1.090 ; s[3]                     ; s[4]    ; clk          ; clk         ; 1.000        ; -0.064     ; 2.021      ;
; -1.083 ; i[3]                     ; t       ; clk          ; clk         ; 1.000        ; -0.064     ; 2.014      ;
; -1.077 ; r[0]                     ; s[2]    ; clk          ; clk         ; 1.000        ; -0.064     ; 2.008      ;
; -1.076 ; r[0]                     ; r[0]    ; clk          ; clk         ; 1.000        ; -0.065     ; 2.006      ;
; -1.076 ; r[0]                     ; s[3]    ; clk          ; clk         ; 1.000        ; -0.064     ; 2.007      ;
; -1.066 ; r[2]                     ; s[7]    ; clk          ; clk         ; 1.000        ; -0.064     ; 1.997      ;
; -1.066 ; s[1]                     ; s[2]    ; clk          ; clk         ; 1.000        ; -0.064     ; 1.997      ;
; -1.061 ; r[3]                     ; r[4]    ; clk          ; clk         ; 1.000        ; -0.065     ; 1.991      ;
; -1.061 ; r[0]                     ; r[4]    ; clk          ; clk         ; 1.000        ; -0.065     ; 1.991      ;
; -1.059 ; r[2]                     ; s[6]    ; clk          ; clk         ; 1.000        ; -0.064     ; 1.990      ;
; -1.058 ; r[1]                     ; r[1]    ; clk          ; clk         ; 1.000        ; -0.065     ; 1.988      ;
; -1.055 ; s[1]                     ; s[3]    ; clk          ; clk         ; 1.000        ; -0.064     ; 1.986      ;
; -1.054 ; r[3]                     ; r[5]    ; clk          ; clk         ; 1.000        ; -0.065     ; 1.984      ;
; -1.045 ; r[2]                     ; r[5]    ; clk          ; clk         ; 1.000        ; -0.065     ; 1.975      ;
; -1.041 ; r[3]                     ; s[5]    ; clk          ; clk         ; 1.000        ; -0.065     ; 1.971      ;
; -1.041 ; r[3]                     ; s[6]    ; clk          ; clk         ; 1.000        ; -0.064     ; 1.972      ;
; -1.038 ; r[1]                     ; s[4]    ; clk          ; clk         ; 1.000        ; -0.064     ; 1.969      ;
; -1.030 ; r[1]                     ; s[3]    ; clk          ; clk         ; 1.000        ; -0.064     ; 1.961      ;
; -1.028 ; current_state.PROCESSA_0 ; r[2]    ; clk          ; clk         ; 1.000        ; -0.065     ; 1.958      ;
; -1.024 ; r[5]                     ; r[6]    ; clk          ; clk         ; 1.000        ; -0.064     ; 1.955      ;
; -1.023 ; current_state.PROCESSA_0 ; r[0]    ; clk          ; clk         ; 1.000        ; -0.065     ; 1.953      ;
; -1.019 ; current_state.PROCESSA_0 ; s[1]    ; clk          ; clk         ; 1.000        ; -0.065     ; 1.949      ;
; -1.019 ; current_state.PROCESSA_0 ; r[1]    ; clk          ; clk         ; 1.000        ; -0.065     ; 1.949      ;
; -1.019 ; current_state.PROCESSA_0 ; r[3]    ; clk          ; clk         ; 1.000        ; -0.065     ; 1.949      ;
; -1.019 ; current_state.PROCESSA_0 ; s[5]    ; clk          ; clk         ; 1.000        ; -0.065     ; 1.949      ;
; -0.979 ; current_state.INICIALIZA ; r[4]    ; clk          ; clk         ; 1.000        ; -0.065     ; 1.909      ;
; -0.979 ; current_state.INICIALIZA ; r[5]    ; clk          ; clk         ; 1.000        ; -0.065     ; 1.909      ;
; -0.979 ; current_state.INICIALIZA ; r[6]    ; clk          ; clk         ; 1.000        ; -0.065     ; 1.909      ;
; -0.979 ; current_state.INICIALIZA ; r[7]    ; clk          ; clk         ; 1.000        ; -0.065     ; 1.909      ;
; -0.967 ; i[5]                     ; t       ; clk          ; clk         ; 1.000        ; -0.064     ; 1.898      ;
; -0.966 ; r[4]                     ; r[6]    ; clk          ; clk         ; 1.000        ; -0.064     ; 1.897      ;
+--------+--------------------------+---------+--------------+-------------+--------------+------------+------------+


+-----------------------------------------------------------------------------------------------------------------------------------+
; Slow 1200mV 85C Model Hold: 'clk'                                                                                                 ;
+-------+--------------------------+--------------------------+--------------+-------------+--------------+------------+------------+
; Slack ; From Node                ; To Node                  ; Launch Clock ; Latch Clock ; Relationship ; Clock Skew ; Data Delay ;
+-------+--------------------------+--------------------------+--------------+-------------+--------------+------------+------------+
; 0.356 ; current_state.ESPERA     ; current_state.ESPERA     ; clk          ; clk         ; 0.000        ; 0.064      ; 0.577      ;
; 0.374 ; t                        ; current_state.PRONTO     ; clk          ; clk         ; 0.000        ; 0.064      ; 0.595      ;
; 0.376 ; t                        ; current_state.PROCESSA_0 ; clk          ; clk         ; 0.000        ; 0.064      ; 0.597      ;
; 0.485 ; current_state.DECIDE     ; current_state.PROCESSA_0 ; clk          ; clk         ; 0.000        ; 0.064      ; 0.706      ;
; 0.489 ; current_state.DECIDE     ; current_state.PRONTO     ; clk          ; clk         ; 0.000        ; 0.064      ; 0.710      ;
; 0.558 ; current_state.PROCESSA_0 ; r[3]                     ; clk          ; clk         ; 0.000        ; 0.064      ; 0.779      ;
; 0.558 ; current_state.PROCESSA_0 ; s[5]                     ; clk          ; clk         ; 0.000        ; 0.064      ; 0.779      ;
; 0.577 ; current_state.ESPERA     ; current_state.INICIALIZA ; clk          ; clk         ; 0.000        ; 0.064      ; 0.798      ;
; 0.623 ; current_state.PROCESSA_0 ; s[7]                     ; clk          ; clk         ; 0.000        ; 0.064      ; 0.844      ;
; 0.626 ; current_state.PROCESSA_0 ; s[3]                     ; clk          ; clk         ; 0.000        ; 0.064      ; 0.847      ;
; 0.631 ; current_state.PROCESSA_0 ; s[4]                     ; clk          ; clk         ; 0.000        ; 0.064      ; 0.852      ;
; 0.631 ; current_state.PROCESSA_0 ; s[6]                     ; clk          ; clk         ; 0.000        ; 0.064      ; 0.852      ;
; 0.672 ; r[7]                     ; r[7]                     ; clk          ; clk         ; 0.000        ; 0.064      ; 0.893      ;
; 0.694 ; current_state.PROCESSA_0 ; s[2]                     ; clk          ; clk         ; 0.000        ; 0.064      ; 0.915      ;
; 0.745 ; current_state.PRONTO     ; current_state.ESPERA     ; clk          ; clk         ; 0.000        ; 0.064      ; 0.966      ;
; 0.801 ; i[7]                     ; t                        ; clk          ; clk         ; 0.000        ; 0.065      ; 1.023      ;
; 0.806 ; current_state.PROCESSA_0 ; t                        ; clk          ; clk         ; 0.000        ; 0.064      ; 1.027      ;
; 0.864 ; r[5]                     ; r[5]                     ; clk          ; clk         ; 0.000        ; 0.064      ; 1.085      ;
; 0.866 ; current_state.PROCESSA_0 ; r[5]                     ; clk          ; clk         ; 0.000        ; 0.063      ; 1.086      ;
; 0.870 ; current_state.PROCESSA_0 ; r[7]                     ; clk          ; clk         ; 0.000        ; 0.063      ; 1.090      ;
; 0.871 ; current_state.PROCESSA_0 ; r[4]                     ; clk          ; clk         ; 0.000        ; 0.063      ; 1.091      ;
; 0.888 ; r[4]                     ; r[4]                     ; clk          ; clk         ; 0.000        ; 0.064      ; 1.109      ;
; 0.891 ; current_state.INICIALIZA ; current_state.DECIDE     ; clk          ; clk         ; 0.000        ; 0.064      ; 1.112      ;
; 0.944 ; current_state.PROCESSA_0 ; r[6]                     ; clk          ; clk         ; 0.000        ; 0.063      ; 1.164      ;
; 0.960 ; s[5]                     ; s[5]                     ; clk          ; clk         ; 0.000        ; 0.065      ; 1.182      ;
; 0.974 ; r[6]                     ; r[6]                     ; clk          ; clk         ; 0.000        ; 0.064      ; 1.195      ;
; 1.005 ; r[2]                     ; s[3]                     ; clk          ; clk         ; 0.000        ; 0.065      ; 1.227      ;
; 1.009 ; current_state.PROCESSA_0 ; current_state.DECIDE     ; clk          ; clk         ; 0.000        ; 0.064      ; 1.230      ;
; 1.026 ; r[1]                     ; s[2]                     ; clk          ; clk         ; 0.000        ; 0.065      ; 1.248      ;
; 1.028 ; r[3]                     ; s[4]                     ; clk          ; clk         ; 0.000        ; 0.065      ; 1.250      ;
; 1.109 ; s[7]                     ; s[7]                     ; clk          ; clk         ; 0.000        ; 0.064      ; 1.330      ;
; 1.145 ; s[6]                     ; s[6]                     ; clk          ; clk         ; 0.000        ; 0.064      ; 1.366      ;
; 1.145 ; r[4]                     ; s[5]                     ; clk          ; clk         ; 0.000        ; 0.065      ; 1.367      ;
; 1.145 ; s[3]                     ; s[3]                     ; clk          ; clk         ; 0.000        ; 0.064      ; 1.366      ;
; 1.156 ; r[6]                     ; r[7]                     ; clk          ; clk         ; 0.000        ; 0.064      ; 1.377      ;
; 1.156 ; r[6]                     ; s[7]                     ; clk          ; clk         ; 0.000        ; 0.065      ; 1.378      ;
; 1.172 ; s[4]                     ; s[4]                     ; clk          ; clk         ; 0.000        ; 0.064      ; 1.393      ;
; 1.173 ; s[2]                     ; s[2]                     ; clk          ; clk         ; 0.000        ; 0.064      ; 1.394      ;
; 1.174 ; r[4]                     ; r[5]                     ; clk          ; clk         ; 0.000        ; 0.064      ; 1.395      ;
; 1.204 ; current_state.PROCESSA_0 ; s[1]                     ; clk          ; clk         ; 0.000        ; 0.064      ; 1.425      ;
; 1.247 ; r[5]                     ; r[6]                     ; clk          ; clk         ; 0.000        ; 0.064      ; 1.468      ;
; 1.252 ; r[5]                     ; r[7]                     ; clk          ; clk         ; 0.000        ; 0.064      ; 1.473      ;
; 1.254 ; r[3]                     ; s[5]                     ; clk          ; clk         ; 0.000        ; 0.065      ; 1.476      ;
; 1.255 ; current_state.INICIALIZA ; i[4]                     ; clk          ; clk         ; 0.000        ; 0.063      ; 1.475      ;
; 1.255 ; current_state.INICIALIZA ; i[6]                     ; clk          ; clk         ; 0.000        ; 0.063      ; 1.475      ;
; 1.261 ; current_state.INICIALIZA ; i[1]                     ; clk          ; clk         ; 0.000        ; 0.064      ; 1.482      ;
; 1.261 ; current_state.INICIALIZA ; i[2]                     ; clk          ; clk         ; 0.000        ; 0.064      ; 1.482      ;
; 1.261 ; current_state.INICIALIZA ; i[3]                     ; clk          ; clk         ; 0.000        ; 0.064      ; 1.482      ;
; 1.261 ; current_state.INICIALIZA ; i[5]                     ; clk          ; clk         ; 0.000        ; 0.064      ; 1.482      ;
; 1.261 ; current_state.INICIALIZA ; i[7]                     ; clk          ; clk         ; 0.000        ; 0.064      ; 1.482      ;
; 1.271 ; r[2]                     ; s[5]                     ; clk          ; clk         ; 0.000        ; 0.065      ; 1.493      ;
; 1.273 ; r[3]                     ; r[3]                     ; clk          ; clk         ; 0.000        ; 0.065      ; 1.495      ;
; 1.273 ; s[5]                     ; s[7]                     ; clk          ; clk         ; 0.000        ; 0.065      ; 1.495      ;
; 1.279 ; r[1]                     ; s[3]                     ; clk          ; clk         ; 0.000        ; 0.065      ; 1.501      ;
; 1.283 ; r[4]                     ; r[6]                     ; clk          ; clk         ; 0.000        ; 0.064      ; 1.504      ;
; 1.286 ; s[5]                     ; s[6]                     ; clk          ; clk         ; 0.000        ; 0.065      ; 1.508      ;
; 1.288 ; r[4]                     ; r[7]                     ; clk          ; clk         ; 0.000        ; 0.064      ; 1.509      ;
; 1.300 ; r[2]                     ; r[4]                     ; clk          ; clk         ; 0.000        ; 0.064      ; 1.521      ;
; 1.307 ; r[2]                     ; s[4]                     ; clk          ; clk         ; 0.000        ; 0.065      ; 1.529      ;
; 1.311 ; r[3]                     ; r[4]                     ; clk          ; clk         ; 0.000        ; 0.064      ; 1.532      ;
; 1.338 ; r[5]                     ; s[6]                     ; clk          ; clk         ; 0.000        ; 0.065      ; 1.560      ;
; 1.366 ; r[1]                     ; s[5]                     ; clk          ; clk         ; 0.000        ; 0.065      ; 1.588      ;
; 1.371 ; i[5]                     ; t                        ; clk          ; clk         ; 0.000        ; 0.065      ; 1.593      ;
; 1.388 ; r[3]                     ; s[7]                     ; clk          ; clk         ; 0.000        ; 0.065      ; 1.610      ;
; 1.394 ; r[1]                     ; r[4]                     ; clk          ; clk         ; 0.000        ; 0.064      ; 1.615      ;
; 1.397 ; s[6]                     ; s[7]                     ; clk          ; clk         ; 0.000        ; 0.064      ; 1.618      ;
; 1.400 ; s[4]                     ; s[5]                     ; clk          ; clk         ; 0.000        ; 0.064      ; 1.621      ;
; 1.400 ; r[0]                     ; r[4]                     ; clk          ; clk         ; 0.000        ; 0.064      ; 1.621      ;
; 1.401 ; r[3]                     ; s[6]                     ; clk          ; clk         ; 0.000        ; 0.065      ; 1.623      ;
; 1.402 ; r[1]                     ; s[4]                     ; clk          ; clk         ; 0.000        ; 0.065      ; 1.624      ;
; 1.403 ; current_state.INICIALIZA ; s[2]                     ; clk          ; clk         ; 0.000        ; 0.064      ; 1.624      ;
; 1.403 ; current_state.INICIALIZA ; s[3]                     ; clk          ; clk         ; 0.000        ; 0.064      ; 1.624      ;
; 1.403 ; current_state.INICIALIZA ; s[4]                     ; clk          ; clk         ; 0.000        ; 0.064      ; 1.624      ;
; 1.403 ; current_state.INICIALIZA ; s[6]                     ; clk          ; clk         ; 0.000        ; 0.064      ; 1.624      ;
; 1.403 ; current_state.INICIALIZA ; s[7]                     ; clk          ; clk         ; 0.000        ; 0.064      ; 1.624      ;
; 1.403 ; current_state.INICIALIZA ; t                        ; clk          ; clk         ; 0.000        ; 0.064      ; 1.624      ;
; 1.405 ; r[2]                     ; s[7]                     ; clk          ; clk         ; 0.000        ; 0.065      ; 1.627      ;
; 1.409 ; r[2]                     ; r[5]                     ; clk          ; clk         ; 0.000        ; 0.064      ; 1.630      ;
; 1.411 ; s[3]                     ; s[5]                     ; clk          ; clk         ; 0.000        ; 0.064      ; 1.632      ;
; 1.411 ; s[1]                     ; s[3]                     ; clk          ; clk         ; 0.000        ; 0.065      ; 1.633      ;
; 1.418 ; r[2]                     ; s[6]                     ; clk          ; clk         ; 0.000        ; 0.065      ; 1.640      ;
; 1.420 ; r[3]                     ; r[5]                     ; clk          ; clk         ; 0.000        ; 0.064      ; 1.641      ;
; 1.421 ; r[0]                     ; s[3]                     ; clk          ; clk         ; 0.000        ; 0.065      ; 1.643      ;
; 1.422 ; s[1]                     ; s[2]                     ; clk          ; clk         ; 0.000        ; 0.065      ; 1.644      ;
; 1.424 ; s[2]                     ; s[3]                     ; clk          ; clk         ; 0.000        ; 0.064      ; 1.645      ;
; 1.427 ; current_state.PROCESSA_0 ; r[1]                     ; clk          ; clk         ; 0.000        ; 0.064      ; 1.648      ;
; 1.432 ; r[0]                     ; s[2]                     ; clk          ; clk         ; 0.000        ; 0.065      ; 1.654      ;
; 1.447 ; s[3]                     ; s[4]                     ; clk          ; clk         ; 0.000        ; 0.064      ; 1.668      ;
; 1.458 ; r[4]                     ; s[7]                     ; clk          ; clk         ; 0.000        ; 0.065      ; 1.680      ;
; 1.471 ; r[4]                     ; s[6]                     ; clk          ; clk         ; 0.000        ; 0.065      ; 1.693      ;
; 1.482 ; i[3]                     ; t                        ; clk          ; clk         ; 0.000        ; 0.065      ; 1.704      ;
; 1.498 ; s[1]                     ; s[5]                     ; clk          ; clk         ; 0.000        ; 0.065      ; 1.720      ;
; 1.500 ; r[1]                     ; s[7]                     ; clk          ; clk         ; 0.000        ; 0.065      ; 1.722      ;
; 1.503 ; r[1]                     ; r[5]                     ; clk          ; clk         ; 0.000        ; 0.064      ; 1.724      ;
; 1.508 ; r[0]                     ; s[5]                     ; clk          ; clk         ; 0.000        ; 0.065      ; 1.730      ;
; 1.509 ; r[0]                     ; r[5]                     ; clk          ; clk         ; 0.000        ; 0.064      ; 1.730      ;
; 1.511 ; s[2]                     ; s[5]                     ; clk          ; clk         ; 0.000        ; 0.064      ; 1.732      ;
; 1.513 ; r[1]                     ; s[6]                     ; clk          ; clk         ; 0.000        ; 0.065      ; 1.735      ;
; 1.518 ; r[2]                     ; r[6]                     ; clk          ; clk         ; 0.000        ; 0.064      ; 1.739      ;
; 1.523 ; r[2]                     ; r[7]                     ; clk          ; clk         ; 0.000        ; 0.064      ; 1.744      ;
+-------+--------------------------+--------------------------+--------------+-------------+--------------+------------+------------+


+---------------------------------------------------------------------------------------------------------------+
; Slow 1200mV 85C Model Minimum Pulse Width: 'clk'                                                              ;
+--------+--------------+----------------+------------------+-------+------------+------------------------------+
; Slack  ; Actual Width ; Required Width ; Type             ; Clock ; Clock Edge ; Target                       ;
+--------+--------------+----------------+------------------+-------+------------+------------------------------+
; -3.000 ; 1.000        ; 4.000          ; Port Rate        ; clk   ; Rise       ; clk                          ;
; -1.000 ; 1.000        ; 2.000          ; Min Period       ; clk   ; Rise       ; current_state.DECIDE         ;
; -1.000 ; 1.000        ; 2.000          ; Min Period       ; clk   ; Rise       ; current_state.ESPERA         ;
; -1.000 ; 1.000        ; 2.000          ; Min Period       ; clk   ; Rise       ; current_state.INICIALIZA     ;
; -1.000 ; 1.000        ; 2.000          ; Min Period       ; clk   ; Rise       ; current_state.PROCESSA_0     ;
; -1.000 ; 1.000        ; 2.000          ; Min Period       ; clk   ; Rise       ; current_state.PRONTO         ;
; -1.000 ; 1.000        ; 2.000          ; Min Period       ; clk   ; Rise       ; i[1]                         ;
; -1.000 ; 1.000        ; 2.000          ; Min Period       ; clk   ; Rise       ; i[2]                         ;
; -1.000 ; 1.000        ; 2.000          ; Min Period       ; clk   ; Rise       ; i[3]                         ;
; -1.000 ; 1.000        ; 2.000          ; Min Period       ; clk   ; Rise       ; i[4]                         ;
; -1.000 ; 1.000        ; 2.000          ; Min Period       ; clk   ; Rise       ; i[5]                         ;
; -1.000 ; 1.000        ; 2.000          ; Min Period       ; clk   ; Rise       ; i[6]                         ;
; -1.000 ; 1.000        ; 2.000          ; Min Period       ; clk   ; Rise       ; i[7]                         ;
; -1.000 ; 1.000        ; 2.000          ; Min Period       ; clk   ; Rise       ; r[0]                         ;
; -1.000 ; 1.000        ; 2.000          ; Min Period       ; clk   ; Rise       ; r[1]                         ;
; -1.000 ; 1.000        ; 2.000          ; Min Period       ; clk   ; Rise       ; r[2]                         ;
; -1.000 ; 1.000        ; 2.000          ; Min Period       ; clk   ; Rise       ; r[3]                         ;
; -1.000 ; 1.000        ; 2.000          ; Min Period       ; clk   ; Rise       ; r[4]                         ;
; -1.000 ; 1.000        ; 2.000          ; Min Period       ; clk   ; Rise       ; r[5]                         ;
; -1.000 ; 1.000        ; 2.000          ; Min Period       ; clk   ; Rise       ; r[6]                         ;
; -1.000 ; 1.000        ; 2.000          ; Min Period       ; clk   ; Rise       ; r[7]                         ;
; -1.000 ; 1.000        ; 2.000          ; Min Period       ; clk   ; Rise       ; s[1]                         ;
; -1.000 ; 1.000        ; 2.000          ; Min Period       ; clk   ; Rise       ; s[2]                         ;
; -1.000 ; 1.000        ; 2.000          ; Min Period       ; clk   ; Rise       ; s[3]                         ;
; -1.000 ; 1.000        ; 2.000          ; Min Period       ; clk   ; Rise       ; s[4]                         ;
; -1.000 ; 1.000        ; 2.000          ; Min Period       ; clk   ; Rise       ; s[5]                         ;
; -1.000 ; 1.000        ; 2.000          ; Min Period       ; clk   ; Rise       ; s[6]                         ;
; -1.000 ; 1.000        ; 2.000          ; Min Period       ; clk   ; Rise       ; s[7]                         ;
; -1.000 ; 1.000        ; 2.000          ; Min Period       ; clk   ; Rise       ; t                            ;
; 0.216  ; 0.400        ; 0.184          ; Low Pulse Width  ; clk   ; Rise       ; current_state.ESPERA         ;
; 0.216  ; 0.400        ; 0.184          ; Low Pulse Width  ; clk   ; Rise       ; current_state.INICIALIZA     ;
; 0.216  ; 0.400        ; 0.184          ; Low Pulse Width  ; clk   ; Rise       ; i[1]                         ;
; 0.216  ; 0.400        ; 0.184          ; Low Pulse Width  ; clk   ; Rise       ; i[2]                         ;
; 0.216  ; 0.400        ; 0.184          ; Low Pulse Width  ; clk   ; Rise       ; i[3]                         ;
; 0.216  ; 0.400        ; 0.184          ; Low Pulse Width  ; clk   ; Rise       ; i[4]                         ;
; 0.216  ; 0.400        ; 0.184          ; Low Pulse Width  ; clk   ; Rise       ; i[5]                         ;
; 0.216  ; 0.400        ; 0.184          ; Low Pulse Width  ; clk   ; Rise       ; i[6]                         ;
; 0.216  ; 0.400        ; 0.184          ; Low Pulse Width  ; clk   ; Rise       ; i[7]                         ;
; 0.216  ; 0.400        ; 0.184          ; Low Pulse Width  ; clk   ; Rise       ; r[0]                         ;
; 0.216  ; 0.400        ; 0.184          ; Low Pulse Width  ; clk   ; Rise       ; r[1]                         ;
; 0.216  ; 0.400        ; 0.184          ; Low Pulse Width  ; clk   ; Rise       ; r[2]                         ;
; 0.216  ; 0.400        ; 0.184          ; Low Pulse Width  ; clk   ; Rise       ; r[3]                         ;
; 0.216  ; 0.400        ; 0.184          ; Low Pulse Width  ; clk   ; Rise       ; r[4]                         ;
; 0.216  ; 0.400        ; 0.184          ; Low Pulse Width  ; clk   ; Rise       ; r[5]                         ;
; 0.216  ; 0.400        ; 0.184          ; Low Pulse Width  ; clk   ; Rise       ; r[6]                         ;
; 0.216  ; 0.400        ; 0.184          ; Low Pulse Width  ; clk   ; Rise       ; r[7]                         ;
; 0.216  ; 0.400        ; 0.184          ; Low Pulse Width  ; clk   ; Rise       ; s[1]                         ;
; 0.216  ; 0.400        ; 0.184          ; Low Pulse Width  ; clk   ; Rise       ; s[5]                         ;
; 0.217  ; 0.401        ; 0.184          ; Low Pulse Width  ; clk   ; Rise       ; current_state.DECIDE         ;
; 0.217  ; 0.401        ; 0.184          ; Low Pulse Width  ; clk   ; Rise       ; current_state.PROCESSA_0     ;
; 0.217  ; 0.401        ; 0.184          ; Low Pulse Width  ; clk   ; Rise       ; current_state.PRONTO         ;
; 0.217  ; 0.401        ; 0.184          ; Low Pulse Width  ; clk   ; Rise       ; s[2]                         ;
; 0.217  ; 0.401        ; 0.184          ; Low Pulse Width  ; clk   ; Rise       ; s[3]                         ;
; 0.217  ; 0.401        ; 0.184          ; Low Pulse Width  ; clk   ; Rise       ; s[4]                         ;
; 0.217  ; 0.401        ; 0.184          ; Low Pulse Width  ; clk   ; Rise       ; s[6]                         ;
; 0.217  ; 0.401        ; 0.184          ; Low Pulse Width  ; clk   ; Rise       ; s[7]                         ;
; 0.217  ; 0.401        ; 0.184          ; Low Pulse Width  ; clk   ; Rise       ; t                            ;
; 0.326  ; 0.326        ; 0.000          ; Low Pulse Width  ; clk   ; Rise       ; clk~input|o                  ;
; 0.337  ; 0.337        ; 0.000          ; Low Pulse Width  ; clk   ; Rise       ; clk~inputclkctrl|inclk[0]    ;
; 0.337  ; 0.337        ; 0.000          ; Low Pulse Width  ; clk   ; Rise       ; clk~inputclkctrl|outclk      ;
; 0.376  ; 0.376        ; 0.000          ; Low Pulse Width  ; clk   ; Rise       ; current_state.ESPERA|clk     ;
; 0.376  ; 0.376        ; 0.000          ; Low Pulse Width  ; clk   ; Rise       ; current_state.INICIALIZA|clk ;
; 0.376  ; 0.376        ; 0.000          ; Low Pulse Width  ; clk   ; Rise       ; i[1]|clk                     ;
; 0.376  ; 0.376        ; 0.000          ; Low Pulse Width  ; clk   ; Rise       ; i[2]|clk                     ;
; 0.376  ; 0.376        ; 0.000          ; Low Pulse Width  ; clk   ; Rise       ; i[3]|clk                     ;
; 0.376  ; 0.376        ; 0.000          ; Low Pulse Width  ; clk   ; Rise       ; i[4]|clk                     ;
; 0.376  ; 0.376        ; 0.000          ; Low Pulse Width  ; clk   ; Rise       ; i[5]|clk                     ;
; 0.376  ; 0.376        ; 0.000          ; Low Pulse Width  ; clk   ; Rise       ; i[6]|clk                     ;
; 0.376  ; 0.376        ; 0.000          ; Low Pulse Width  ; clk   ; Rise       ; i[7]|clk                     ;
; 0.376  ; 0.376        ; 0.000          ; Low Pulse Width  ; clk   ; Rise       ; r[0]|clk                     ;
; 0.376  ; 0.376        ; 0.000          ; Low Pulse Width  ; clk   ; Rise       ; r[1]|clk                     ;
; 0.376  ; 0.376        ; 0.000          ; Low Pulse Width  ; clk   ; Rise       ; r[2]|clk                     ;
; 0.376  ; 0.376        ; 0.000          ; Low Pulse Width  ; clk   ; Rise       ; r[3]|clk                     ;
; 0.376  ; 0.376        ; 0.000          ; Low Pulse Width  ; clk   ; Rise       ; r[4]|clk                     ;
; 0.376  ; 0.376        ; 0.000          ; Low Pulse Width  ; clk   ; Rise       ; r[5]|clk                     ;
; 0.376  ; 0.376        ; 0.000          ; Low Pulse Width  ; clk   ; Rise       ; r[6]|clk                     ;
; 0.376  ; 0.376        ; 0.000          ; Low Pulse Width  ; clk   ; Rise       ; r[7]|clk                     ;
; 0.376  ; 0.376        ; 0.000          ; Low Pulse Width  ; clk   ; Rise       ; s[1]|clk                     ;
; 0.376  ; 0.376        ; 0.000          ; Low Pulse Width  ; clk   ; Rise       ; s[5]|clk                     ;
; 0.377  ; 0.377        ; 0.000          ; Low Pulse Width  ; clk   ; Rise       ; current_state.DECIDE|clk     ;
; 0.377  ; 0.377        ; 0.000          ; Low Pulse Width  ; clk   ; Rise       ; current_state.PROCESSA_0|clk ;
; 0.377  ; 0.377        ; 0.000          ; Low Pulse Width  ; clk   ; Rise       ; current_state.PRONTO|clk     ;
; 0.377  ; 0.377        ; 0.000          ; Low Pulse Width  ; clk   ; Rise       ; s[2]|clk                     ;
; 0.377  ; 0.377        ; 0.000          ; Low Pulse Width  ; clk   ; Rise       ; s[3]|clk                     ;
; 0.377  ; 0.377        ; 0.000          ; Low Pulse Width  ; clk   ; Rise       ; s[4]|clk                     ;
; 0.377  ; 0.377        ; 0.000          ; Low Pulse Width  ; clk   ; Rise       ; s[6]|clk                     ;
; 0.377  ; 0.377        ; 0.000          ; Low Pulse Width  ; clk   ; Rise       ; s[7]|clk                     ;
; 0.377  ; 0.377        ; 0.000          ; Low Pulse Width  ; clk   ; Rise       ; t|clk                        ;
; 0.383  ; 0.599        ; 0.216          ; High Pulse Width ; clk   ; Rise       ; current_state.DECIDE         ;
; 0.383  ; 0.599        ; 0.216          ; High Pulse Width ; clk   ; Rise       ; current_state.ESPERA         ;
; 0.383  ; 0.599        ; 0.216          ; High Pulse Width ; clk   ; Rise       ; current_state.INICIALIZA     ;
; 0.383  ; 0.599        ; 0.216          ; High Pulse Width ; clk   ; Rise       ; current_state.PROCESSA_0     ;
; 0.383  ; 0.599        ; 0.216          ; High Pulse Width ; clk   ; Rise       ; current_state.PRONTO         ;
; 0.383  ; 0.599        ; 0.216          ; High Pulse Width ; clk   ; Rise       ; i[1]                         ;
; 0.383  ; 0.599        ; 0.216          ; High Pulse Width ; clk   ; Rise       ; i[2]                         ;
; 0.383  ; 0.599        ; 0.216          ; High Pulse Width ; clk   ; Rise       ; i[3]                         ;
; 0.383  ; 0.599        ; 0.216          ; High Pulse Width ; clk   ; Rise       ; i[4]                         ;
; 0.383  ; 0.599        ; 0.216          ; High Pulse Width ; clk   ; Rise       ; i[5]                         ;
; 0.383  ; 0.599        ; 0.216          ; High Pulse Width ; clk   ; Rise       ; i[6]                         ;
; 0.383  ; 0.599        ; 0.216          ; High Pulse Width ; clk   ; Rise       ; i[7]                         ;
+--------+--------------+----------------+------------------+-------+------------+------------------------------+


+-----------------------------------------------------------------------+
; Setup Times                                                           ;
+-----------+------------+-------+-------+------------+-----------------+
; Data Port ; Clock Port ; Rise  ; Fall  ; Clock Edge ; Clock Reference ;
+-----------+------------+-------+-------+------------+-----------------+
; input[*]  ; clk        ; 2.266 ; 2.783 ; Rise       ; clk             ;
;  input[1] ; clk        ; 1.831 ; 2.277 ; Rise       ; clk             ;
;  input[2] ; clk        ; 2.239 ; 2.731 ; Rise       ; clk             ;
;  input[3] ; clk        ; 1.856 ; 2.276 ; Rise       ; clk             ;
;  input[4] ; clk        ; 2.266 ; 2.783 ; Rise       ; clk             ;
;  input[5] ; clk        ; 2.077 ; 2.510 ; Rise       ; clk             ;
;  input[6] ; clk        ; 2.254 ; 2.749 ; Rise       ; clk             ;
;  input[7] ; clk        ; 2.074 ; 2.531 ; Rise       ; clk             ;
; start     ; clk        ; 0.035 ; 0.153 ; Rise       ; clk             ;
+-----------+------------+-------+-------+------------+-----------------+


+-------------------------------------------------------------------------+
; Hold Times                                                              ;
+-----------+------------+--------+--------+------------+-----------------+
; Data Port ; Clock Port ; Rise   ; Fall   ; Clock Edge ; Clock Reference ;
+-----------+------------+--------+--------+------------+-----------------+
; input[*]  ; clk        ; -1.446 ; -1.881 ; Rise       ; clk             ;
;  input[1] ; clk        ; -1.446 ; -1.881 ; Rise       ; clk             ;
;  input[2] ; clk        ; -1.838 ; -2.317 ; Rise       ; clk             ;
;  input[3] ; clk        ; -1.471 ; -1.881 ; Rise       ; clk             ;
;  input[4] ; clk        ; -1.865 ; -2.368 ; Rise       ; clk             ;
;  input[5] ; clk        ; -1.683 ; -2.106 ; Rise       ; clk             ;
;  input[6] ; clk        ; -1.853 ; -2.336 ; Rise       ; clk             ;
;  input[7] ; clk        ; -1.680 ; -2.125 ; Rise       ; clk             ;
; start     ; clk        ; 0.281  ; 0.170  ; Rise       ; clk             ;
+-----------+------------+--------+--------+------------+-----------------+


+-----------------------------------------------------------------------+
; Clock to Output Times                                                 ;
+-----------+------------+-------+-------+------------+-----------------+
; Data Port ; Clock Port ; Rise  ; Fall  ; Clock Edge ; Clock Reference ;
+-----------+------------+-------+-------+------------+-----------------+
; ready     ; clk        ; 6.189 ; 6.113 ; Rise       ; clk             ;
; sqrt[*]   ; clk        ; 7.309 ; 7.278 ; Rise       ; clk             ;
;  sqrt[0]  ; clk        ; 6.930 ; 6.847 ; Rise       ; clk             ;
;  sqrt[1]  ; clk        ; 6.941 ; 6.859 ; Rise       ; clk             ;
;  sqrt[2]  ; clk        ; 7.181 ; 7.100 ; Rise       ; clk             ;
;  sqrt[3]  ; clk        ; 6.902 ; 6.871 ; Rise       ; clk             ;
;  sqrt[4]  ; clk        ; 7.041 ; 6.955 ; Rise       ; clk             ;
;  sqrt[5]  ; clk        ; 7.309 ; 7.278 ; Rise       ; clk             ;
;  sqrt[6]  ; clk        ; 6.951 ; 6.911 ; Rise       ; clk             ;
;  sqrt[7]  ; clk        ; 6.715 ; 6.628 ; Rise       ; clk             ;
+-----------+------------+-------+-------+------------+-----------------+


+-----------------------------------------------------------------------+
; Minimum Clock to Output Times                                         ;
+-----------+------------+-------+-------+------------+-----------------+
; Data Port ; Clock Port ; Rise  ; Fall  ; Clock Edge ; Clock Reference ;
+-----------+------------+-------+-------+------------+-----------------+
; ready     ; clk        ; 5.990 ; 5.913 ; Rise       ; clk             ;
; sqrt[*]   ; clk        ; 6.323 ; 6.270 ; Rise       ; clk             ;
;  sqrt[0]  ; clk        ; 6.486 ; 6.421 ; Rise       ; clk             ;
;  sqrt[1]  ; clk        ; 6.431 ; 6.337 ; Rise       ; clk             ;
;  sqrt[2]  ; clk        ; 6.666 ; 6.572 ; Rise       ; clk             ;
;  sqrt[3]  ; clk        ; 6.378 ; 6.322 ; Rise       ; clk             ;
;  sqrt[4]  ; clk        ; 6.548 ; 6.486 ; Rise       ; clk             ;
;  sqrt[5]  ; clk        ; 6.589 ; 6.599 ; Rise       ; clk             ;
;  sqrt[6]  ; clk        ; 6.615 ; 6.563 ; Rise       ; clk             ;
;  sqrt[7]  ; clk        ; 6.323 ; 6.270 ; Rise       ; clk             ;
+-----------+------------+-------+-------+------------+-----------------+


----------------------------------------------
; Slow 1200mV 85C Model Metastability Report ;
----------------------------------------------
No synchronizer chains to report.


+----------------------------------------------------------------------------------------------------------+
; Slow 1200mV 0C Model Fmax Summary                                                                        ;
+-----------+-----------------+------------+---------------------------------------------------------------+
; Fmax      ; Restricted Fmax ; Clock Name ; Note                                                          ;
+-----------+-----------------+------------+---------------------------------------------------------------+
; 329.6 MHz ; 250.0 MHz       ; clk        ; limit due to minimum period restriction (max I/O toggle rate) ;
+-----------+-----------------+------------+---------------------------------------------------------------+
This panel reports FMAX for every clock in the design, regardless of the user-specified clock periods.  FMAX is only computed for paths where the source and destination registers or ports are driven by the same clock.  Paths of different clocks, including generated clocks, are ignored.  For paths between a clock and its inversion, FMAX is computed as if the rising and falling edges are scaled along with FMAX, such that the duty cycle (in terms of a percentage) is maintained. Altera recommends that you always use clock constraints and other slack reports for sign-off analysis.


+------------------------------------+
; Slow 1200mV 0C Model Setup Summary ;
+-------+--------+-------------------+
; Clock ; Slack  ; End Point TNS     ;
+-------+--------+-------------------+
; clk   ; -2.034 ; -20.726           ;
+-------+--------+-------------------+


+-----------------------------------+
; Slow 1200mV 0C Model Hold Summary ;
+-------+-------+-------------------+
; Clock ; Slack ; End Point TNS     ;
+-------+-------+-------------------+
; clk   ; 0.310 ; 0.000             ;
+-------+-------+-------------------+


-----------------------------------------
; Slow 1200mV 0C Model Recovery Summary ;
-----------------------------------------
No paths to report.


----------------------------------------
; Slow 1200mV 0C Model Removal Summary ;
----------------------------------------
No paths to report.


+--------------------------------------------------+
; Slow 1200mV 0C Model Minimum Pulse Width Summary ;
+-------+--------+---------------------------------+
; Clock ; Slack  ; End Point TNS                   ;
+-------+--------+---------------------------------+
; clk   ; -3.000 ; -31.000                         ;
+-------+--------+---------------------------------+


+-------------------------------------------------------------------------------------------------------------------+
; Slow 1200mV 0C Model Setup: 'clk'                                                                                 ;
+--------+--------------------------+---------+--------------+-------------+--------------+------------+------------+
; Slack  ; From Node                ; To Node ; Launch Clock ; Latch Clock ; Relationship ; Clock Skew ; Data Delay ;
+--------+--------------------------+---------+--------------+-------------+--------------+------------+------------+
; -2.034 ; r[0]                     ; t       ; clk          ; clk         ; 1.000        ; -0.057     ; 2.972      ;
; -2.023 ; s[1]                     ; t       ; clk          ; clk         ; 1.000        ; -0.057     ; 2.961      ;
; -2.012 ; s[2]                     ; t       ; clk          ; clk         ; 1.000        ; -0.057     ; 2.950      ;
; -1.951 ; s[3]                     ; t       ; clk          ; clk         ; 1.000        ; -0.057     ; 2.889      ;
; -1.910 ; s[4]                     ; t       ; clk          ; clk         ; 1.000        ; -0.057     ; 2.848      ;
; -1.888 ; r[1]                     ; t       ; clk          ; clk         ; 1.000        ; -0.057     ; 2.826      ;
; -1.874 ; r[4]                     ; t       ; clk          ; clk         ; 1.000        ; -0.056     ; 2.813      ;
; -1.809 ; r[2]                     ; t       ; clk          ; clk         ; 1.000        ; -0.057     ; 2.747      ;
; -1.791 ; r[3]                     ; t       ; clk          ; clk         ; 1.000        ; -0.057     ; 2.729      ;
; -1.692 ; s[5]                     ; t       ; clk          ; clk         ; 1.000        ; -0.057     ; 2.630      ;
; -1.667 ; i[2]                     ; t       ; clk          ; clk         ; 1.000        ; -0.057     ; 2.605      ;
; -1.612 ; r[5]                     ; t       ; clk          ; clk         ; 1.000        ; -0.056     ; 2.551      ;
; -1.457 ; r[1]                     ; r[2]    ; clk          ; clk         ; 1.000        ; -0.057     ; 2.395      ;
; -1.435 ; s[6]                     ; t       ; clk          ; clk         ; 1.000        ; -0.057     ; 2.373      ;
; -1.383 ; r[0]                     ; r[2]    ; clk          ; clk         ; 1.000        ; -0.057     ; 2.321      ;
; -1.247 ; r[0]                     ; r[1]    ; clk          ; clk         ; 1.000        ; -0.057     ; 2.185      ;
; -1.139 ; s[2]                     ; s[7]    ; clk          ; clk         ; 1.000        ; -0.057     ; 2.077      ;
; -1.115 ; r[1]                     ; r[6]    ; clk          ; clk         ; 1.000        ; -0.057     ; 2.053      ;
; -1.091 ; r[5]                     ; s[7]    ; clk          ; clk         ; 1.000        ; -0.056     ; 2.030      ;
; -1.087 ; i[4]                     ; t       ; clk          ; clk         ; 1.000        ; -0.056     ; 2.026      ;
; -1.077 ; r[0]                     ; s[6]    ; clk          ; clk         ; 1.000        ; -0.057     ; 2.015      ;
; -1.066 ; s[1]                     ; s[6]    ; clk          ; clk         ; 1.000        ; -0.057     ; 2.004      ;
; -1.059 ; r[0]                     ; s[7]    ; clk          ; clk         ; 1.000        ; -0.057     ; 1.997      ;
; -1.054 ; r[0]                     ; r[3]    ; clk          ; clk         ; 1.000        ; -0.057     ; 1.992      ;
; -1.042 ; r[3]                     ; r[6]    ; clk          ; clk         ; 1.000        ; -0.057     ; 1.980      ;
; -1.042 ; s[1]                     ; s[7]    ; clk          ; clk         ; 1.000        ; -0.057     ; 1.980      ;
; -1.041 ; r[0]                     ; r[6]    ; clk          ; clk         ; 1.000        ; -0.057     ; 1.979      ;
; -1.037 ; s[4]                     ; s[7]    ; clk          ; clk         ; 1.000        ; -0.057     ; 1.975      ;
; -1.026 ; s[2]                     ; s[5]    ; clk          ; clk         ; 1.000        ; -0.057     ; 1.964      ;
; -1.026 ; r[0]                     ; r[7]    ; clk          ; clk         ; 1.000        ; -0.057     ; 1.964      ;
; -1.021 ; s[2]                     ; s[6]    ; clk          ; clk         ; 1.000        ; -0.057     ; 1.959      ;
; -1.015 ; r[1]                     ; s[7]    ; clk          ; clk         ; 1.000        ; -0.057     ; 1.953      ;
; -1.011 ; r[1]                     ; r[3]    ; clk          ; clk         ; 1.000        ; -0.057     ; 1.949      ;
; -1.009 ; r[2]                     ; r[2]    ; clk          ; clk         ; 1.000        ; -0.057     ; 1.947      ;
; -1.008 ; r[6]                     ; t       ; clk          ; clk         ; 1.000        ; -0.056     ; 1.947      ;
; -0.994 ; s[3]                     ; s[6]    ; clk          ; clk         ; 1.000        ; -0.057     ; 1.932      ;
; -0.993 ; i[6]                     ; t       ; clk          ; clk         ; 1.000        ; -0.056     ; 1.932      ;
; -0.983 ; r[1]                     ; r[7]    ; clk          ; clk         ; 1.000        ; -0.057     ; 1.921      ;
; -0.978 ; r[0]                     ; s[4]    ; clk          ; clk         ; 1.000        ; -0.057     ; 1.916      ;
; -0.974 ; current_state.PROCESSA_0 ; r[4]    ; clk          ; clk         ; 1.000        ; -0.057     ; 1.912      ;
; -0.974 ; current_state.PROCESSA_0 ; r[5]    ; clk          ; clk         ; 1.000        ; -0.057     ; 1.912      ;
; -0.974 ; current_state.PROCESSA_0 ; r[6]    ; clk          ; clk         ; 1.000        ; -0.057     ; 1.912      ;
; -0.974 ; current_state.PROCESSA_0 ; r[7]    ; clk          ; clk         ; 1.000        ; -0.057     ; 1.912      ;
; -0.967 ; s[1]                     ; s[4]    ; clk          ; clk         ; 1.000        ; -0.057     ; 1.905      ;
; -0.966 ; s[3]                     ; s[7]    ; clk          ; clk         ; 1.000        ; -0.057     ; 1.904      ;
; -0.965 ; r[2]                     ; r[3]    ; clk          ; clk         ; 1.000        ; -0.057     ; 1.903      ;
; -0.955 ; r[0]                     ; s[1]    ; clk          ; clk         ; 1.000        ; -0.057     ; 1.893      ;
; -0.951 ; i[1]                     ; t       ; clk          ; clk         ; 1.000        ; -0.057     ; 1.889      ;
; -0.950 ; r[2]                     ; r[6]    ; clk          ; clk         ; 1.000        ; -0.057     ; 1.888      ;
; -0.946 ; r[0]                     ; s[5]    ; clk          ; clk         ; 1.000        ; -0.057     ; 1.884      ;
; -0.943 ; s[2]                     ; s[3]    ; clk          ; clk         ; 1.000        ; -0.057     ; 1.881      ;
; -0.939 ; s[1]                     ; s[1]    ; clk          ; clk         ; 1.000        ; -0.057     ; 1.877      ;
; -0.937 ; r[2]                     ; r[7]    ; clk          ; clk         ; 1.000        ; -0.057     ; 1.875      ;
; -0.929 ; s[1]                     ; s[5]    ; clk          ; clk         ; 1.000        ; -0.057     ; 1.867      ;
; -0.924 ; r[0]                     ; r[5]    ; clk          ; clk         ; 1.000        ; -0.057     ; 1.862      ;
; -0.924 ; s[4]                     ; s[5]    ; clk          ; clk         ; 1.000        ; -0.057     ; 1.862      ;
; -0.922 ; s[2]                     ; s[4]    ; clk          ; clk         ; 1.000        ; -0.057     ; 1.860      ;
; -0.919 ; s[4]                     ; s[6]    ; clk          ; clk         ; 1.000        ; -0.057     ; 1.857      ;
; -0.918 ; r[3]                     ; s[7]    ; clk          ; clk         ; 1.000        ; -0.057     ; 1.856      ;
; -0.917 ; r[4]                     ; s[6]    ; clk          ; clk         ; 1.000        ; -0.056     ; 1.856      ;
; -0.914 ; s[6]                     ; s[7]    ; clk          ; clk         ; 1.000        ; -0.057     ; 1.852      ;
; -0.910 ; r[3]                     ; r[7]    ; clk          ; clk         ; 1.000        ; -0.057     ; 1.848      ;
; -0.905 ; r[1]                     ; r[4]    ; clk          ; clk         ; 1.000        ; -0.057     ; 1.843      ;
; -0.902 ; r[1]                     ; s[5]    ; clk          ; clk         ; 1.000        ; -0.057     ; 1.840      ;
; -0.897 ; s[7]                     ; t       ; clk          ; clk         ; 1.000        ; -0.057     ; 1.835      ;
; -0.897 ; r[1]                     ; s[6]    ; clk          ; clk         ; 1.000        ; -0.057     ; 1.835      ;
; -0.895 ; s[3]                     ; s[4]    ; clk          ; clk         ; 1.000        ; -0.057     ; 1.833      ;
; -0.890 ; r[4]                     ; s[7]    ; clk          ; clk         ; 1.000        ; -0.056     ; 1.829      ;
; -0.880 ; r[1]                     ; r[5]    ; clk          ; clk         ; 1.000        ; -0.057     ; 1.818      ;
; -0.878 ; r[0]                     ; s[2]    ; clk          ; clk         ; 1.000        ; -0.057     ; 1.816      ;
; -0.867 ; s[1]                     ; s[2]    ; clk          ; clk         ; 1.000        ; -0.057     ; 1.805      ;
; -0.863 ; r[0]                     ; s[3]    ; clk          ; clk         ; 1.000        ; -0.057     ; 1.801      ;
; -0.859 ; r[1]                     ; r[1]    ; clk          ; clk         ; 1.000        ; -0.057     ; 1.797      ;
; -0.854 ; r[2]                     ; s[7]    ; clk          ; clk         ; 1.000        ; -0.057     ; 1.792      ;
; -0.853 ; s[3]                     ; s[5]    ; clk          ; clk         ; 1.000        ; -0.057     ; 1.791      ;
; -0.852 ; i[3]                     ; t       ; clk          ; clk         ; 1.000        ; -0.057     ; 1.790      ;
; -0.852 ; r[2]                     ; s[6]    ; clk          ; clk         ; 1.000        ; -0.057     ; 1.790      ;
; -0.847 ; r[0]                     ; r[0]    ; clk          ; clk         ; 1.000        ; -0.057     ; 1.785      ;
; -0.846 ; s[1]                     ; s[3]    ; clk          ; clk         ; 1.000        ; -0.057     ; 1.784      ;
; -0.835 ; r[2]                     ; r[5]    ; clk          ; clk         ; 1.000        ; -0.057     ; 1.773      ;
; -0.832 ; r[3]                     ; r[4]    ; clk          ; clk         ; 1.000        ; -0.057     ; 1.770      ;
; -0.831 ; r[0]                     ; r[4]    ; clk          ; clk         ; 1.000        ; -0.057     ; 1.769      ;
; -0.819 ; r[1]                     ; s[3]    ; clk          ; clk         ; 1.000        ; -0.057     ; 1.757      ;
; -0.816 ; current_state.INICIALIZA ; r[4]    ; clk          ; clk         ; 1.000        ; -0.057     ; 1.754      ;
; -0.816 ; current_state.INICIALIZA ; r[5]    ; clk          ; clk         ; 1.000        ; -0.057     ; 1.754      ;
; -0.816 ; current_state.INICIALIZA ; r[6]    ; clk          ; clk         ; 1.000        ; -0.057     ; 1.754      ;
; -0.816 ; current_state.INICIALIZA ; r[7]    ; clk          ; clk         ; 1.000        ; -0.057     ; 1.754      ;
; -0.815 ; current_state.PROCESSA_0 ; r[0]    ; clk          ; clk         ; 1.000        ; -0.057     ; 1.753      ;
; -0.813 ; current_state.PROCESSA_0 ; s[1]    ; clk          ; clk         ; 1.000        ; -0.057     ; 1.751      ;
; -0.813 ; current_state.PROCESSA_0 ; r[1]    ; clk          ; clk         ; 1.000        ; -0.057     ; 1.751      ;
; -0.813 ; current_state.PROCESSA_0 ; r[2]    ; clk          ; clk         ; 1.000        ; -0.057     ; 1.751      ;
; -0.813 ; current_state.PROCESSA_0 ; r[3]    ; clk          ; clk         ; 1.000        ; -0.057     ; 1.751      ;
; -0.813 ; current_state.PROCESSA_0 ; s[5]    ; clk          ; clk         ; 1.000        ; -0.057     ; 1.751      ;
; -0.807 ; r[3]                     ; r[5]    ; clk          ; clk         ; 1.000        ; -0.057     ; 1.745      ;
; -0.805 ; r[3]                     ; s[5]    ; clk          ; clk         ; 1.000        ; -0.057     ; 1.743      ;
; -0.800 ; r[3]                     ; s[6]    ; clk          ; clk         ; 1.000        ; -0.057     ; 1.738      ;
; -0.798 ; r[1]                     ; s[4]    ; clk          ; clk         ; 1.000        ; -0.057     ; 1.736      ;
; -0.790 ; r[5]                     ; r[6]    ; clk          ; clk         ; 1.000        ; -0.056     ; 1.729      ;
; -0.753 ; i[5]                     ; t       ; clk          ; clk         ; 1.000        ; -0.057     ; 1.691      ;
; -0.753 ; r[2]                     ; s[4]    ; clk          ; clk         ; 1.000        ; -0.057     ; 1.691      ;
+--------+--------------------------+---------+--------------+-------------+--------------+------------+------------+


+-----------------------------------------------------------------------------------------------------------------------------------+
; Slow 1200mV 0C Model Hold: 'clk'                                                                                                  ;
+-------+--------------------------+--------------------------+--------------+-------------+--------------+------------+------------+
; Slack ; From Node                ; To Node                  ; Launch Clock ; Latch Clock ; Relationship ; Clock Skew ; Data Delay ;
+-------+--------------------------+--------------------------+--------------+-------------+--------------+------------+------------+
; 0.310 ; current_state.ESPERA     ; current_state.ESPERA     ; clk          ; clk         ; 0.000        ; 0.057      ; 0.511      ;
; 0.333 ; t                        ; current_state.PRONTO     ; clk          ; clk         ; 0.000        ; 0.057      ; 0.534      ;
; 0.341 ; t                        ; current_state.PROCESSA_0 ; clk          ; clk         ; 0.000        ; 0.057      ; 0.542      ;
; 0.439 ; current_state.DECIDE     ; current_state.PROCESSA_0 ; clk          ; clk         ; 0.000        ; 0.057      ; 0.640      ;
; 0.442 ; current_state.DECIDE     ; current_state.PRONTO     ; clk          ; clk         ; 0.000        ; 0.057      ; 0.643      ;
; 0.513 ; current_state.PROCESSA_0 ; s[5]                     ; clk          ; clk         ; 0.000        ; 0.057      ; 0.714      ;
; 0.514 ; current_state.PROCESSA_0 ; r[3]                     ; clk          ; clk         ; 0.000        ; 0.057      ; 0.715      ;
; 0.519 ; current_state.ESPERA     ; current_state.INICIALIZA ; clk          ; clk         ; 0.000        ; 0.057      ; 0.720      ;
; 0.562 ; current_state.PROCESSA_0 ; s[7]                     ; clk          ; clk         ; 0.000        ; 0.057      ; 0.763      ;
; 0.566 ; current_state.PROCESSA_0 ; s[3]                     ; clk          ; clk         ; 0.000        ; 0.057      ; 0.767      ;
; 0.571 ; current_state.PROCESSA_0 ; s[4]                     ; clk          ; clk         ; 0.000        ; 0.057      ; 0.772      ;
; 0.571 ; current_state.PROCESSA_0 ; s[6]                     ; clk          ; clk         ; 0.000        ; 0.057      ; 0.772      ;
; 0.599 ; r[7]                     ; r[7]                     ; clk          ; clk         ; 0.000        ; 0.056      ; 0.799      ;
; 0.626 ; current_state.PROCESSA_0 ; s[2]                     ; clk          ; clk         ; 0.000        ; 0.057      ; 0.827      ;
; 0.676 ; current_state.PRONTO     ; current_state.ESPERA     ; clk          ; clk         ; 0.000        ; 0.057      ; 0.877      ;
; 0.717 ; i[7]                     ; t                        ; clk          ; clk         ; 0.000        ; 0.057      ; 0.918      ;
; 0.729 ; current_state.PROCESSA_0 ; t                        ; clk          ; clk         ; 0.000        ; 0.057      ; 0.930      ;
; 0.782 ; r[5]                     ; r[5]                     ; clk          ; clk         ; 0.000        ; 0.056      ; 0.982      ;
; 0.798 ; current_state.PROCESSA_0 ; r[5]                     ; clk          ; clk         ; 0.000        ; 0.056      ; 0.998      ;
; 0.803 ; current_state.PROCESSA_0 ; r[4]                     ; clk          ; clk         ; 0.000        ; 0.056      ; 1.003      ;
; 0.803 ; current_state.PROCESSA_0 ; r[7]                     ; clk          ; clk         ; 0.000        ; 0.056      ; 1.003      ;
; 0.806 ; r[4]                     ; r[4]                     ; clk          ; clk         ; 0.000        ; 0.056      ; 1.006      ;
; 0.817 ; current_state.INICIALIZA ; current_state.DECIDE     ; clk          ; clk         ; 0.000        ; 0.057      ; 1.018      ;
; 0.866 ; current_state.PROCESSA_0 ; r[6]                     ; clk          ; clk         ; 0.000        ; 0.056      ; 1.066      ;
; 0.871 ; s[5]                     ; s[5]                     ; clk          ; clk         ; 0.000        ; 0.057      ; 1.072      ;
; 0.883 ; r[6]                     ; r[6]                     ; clk          ; clk         ; 0.000        ; 0.056      ; 1.083      ;
; 0.914 ; r[2]                     ; s[3]                     ; clk          ; clk         ; 0.000        ; 0.057      ; 1.115      ;
; 0.914 ; current_state.PROCESSA_0 ; current_state.DECIDE     ; clk          ; clk         ; 0.000        ; 0.057      ; 1.115      ;
; 0.932 ; r[1]                     ; s[2]                     ; clk          ; clk         ; 0.000        ; 0.057      ; 1.133      ;
; 0.934 ; r[3]                     ; s[4]                     ; clk          ; clk         ; 0.000        ; 0.057      ; 1.135      ;
; 1.009 ; s[7]                     ; s[7]                     ; clk          ; clk         ; 0.000        ; 0.057      ; 1.210      ;
; 1.033 ; r[6]                     ; r[7]                     ; clk          ; clk         ; 0.000        ; 0.056      ; 1.233      ;
; 1.046 ; s[6]                     ; s[6]                     ; clk          ; clk         ; 0.000        ; 0.057      ; 1.247      ;
; 1.047 ; r[4]                     ; s[5]                     ; clk          ; clk         ; 0.000        ; 0.057      ; 1.248      ;
; 1.047 ; s[3]                     ; s[3]                     ; clk          ; clk         ; 0.000        ; 0.057      ; 1.248      ;
; 1.049 ; r[4]                     ; r[5]                     ; clk          ; clk         ; 0.000        ; 0.056      ; 1.249      ;
; 1.055 ; r[6]                     ; s[7]                     ; clk          ; clk         ; 0.000        ; 0.057      ; 1.256      ;
; 1.073 ; s[4]                     ; s[4]                     ; clk          ; clk         ; 0.000        ; 0.057      ; 1.274      ;
; 1.074 ; s[2]                     ; s[2]                     ; clk          ; clk         ; 0.000        ; 0.057      ; 1.275      ;
; 1.099 ; current_state.PROCESSA_0 ; s[1]                     ; clk          ; clk         ; 0.000        ; 0.057      ; 1.300      ;
; 1.114 ; r[5]                     ; r[7]                     ; clk          ; clk         ; 0.000        ; 0.056      ; 1.314      ;
; 1.124 ; r[5]                     ; r[6]                     ; clk          ; clk         ; 0.000        ; 0.056      ; 1.324      ;
; 1.133 ; r[3]                     ; s[5]                     ; clk          ; clk         ; 0.000        ; 0.057      ; 1.334      ;
; 1.145 ; current_state.INICIALIZA ; i[4]                     ; clk          ; clk         ; 0.000        ; 0.056      ; 1.345      ;
; 1.145 ; current_state.INICIALIZA ; i[6]                     ; clk          ; clk         ; 0.000        ; 0.056      ; 1.345      ;
; 1.145 ; r[2]                     ; s[5]                     ; clk          ; clk         ; 0.000        ; 0.057      ; 1.346      ;
; 1.148 ; s[5]                     ; s[6]                     ; clk          ; clk         ; 0.000        ; 0.057      ; 1.349      ;
; 1.148 ; r[4]                     ; r[7]                     ; clk          ; clk         ; 0.000        ; 0.056      ; 1.348      ;
; 1.149 ; s[5]                     ; s[7]                     ; clk          ; clk         ; 0.000        ; 0.057      ; 1.350      ;
; 1.156 ; r[1]                     ; s[3]                     ; clk          ; clk         ; 0.000        ; 0.057      ; 1.357      ;
; 1.157 ; current_state.INICIALIZA ; i[1]                     ; clk          ; clk         ; 0.000        ; 0.057      ; 1.358      ;
; 1.157 ; current_state.INICIALIZA ; i[2]                     ; clk          ; clk         ; 0.000        ; 0.057      ; 1.358      ;
; 1.157 ; current_state.INICIALIZA ; i[3]                     ; clk          ; clk         ; 0.000        ; 0.057      ; 1.358      ;
; 1.157 ; current_state.INICIALIZA ; i[5]                     ; clk          ; clk         ; 0.000        ; 0.057      ; 1.358      ;
; 1.157 ; current_state.INICIALIZA ; i[7]                     ; clk          ; clk         ; 0.000        ; 0.057      ; 1.358      ;
; 1.158 ; r[4]                     ; r[6]                     ; clk          ; clk         ; 0.000        ; 0.056      ; 1.358      ;
; 1.166 ; r[3]                     ; r[3]                     ; clk          ; clk         ; 0.000        ; 0.057      ; 1.367      ;
; 1.166 ; r[2]                     ; s[4]                     ; clk          ; clk         ; 0.000        ; 0.057      ; 1.367      ;
; 1.179 ; r[2]                     ; r[4]                     ; clk          ; clk         ; 0.000        ; 0.056      ; 1.379      ;
; 1.193 ; r[3]                     ; r[4]                     ; clk          ; clk         ; 0.000        ; 0.056      ; 1.393      ;
; 1.225 ; i[5]                     ; t                        ; clk          ; clk         ; 0.000        ; 0.057      ; 1.426      ;
; 1.227 ; r[5]                     ; s[6]                     ; clk          ; clk         ; 0.000        ; 0.057      ; 1.428      ;
; 1.228 ; r[1]                     ; s[5]                     ; clk          ; clk         ; 0.000        ; 0.057      ; 1.429      ;
; 1.248 ; r[3]                     ; s[6]                     ; clk          ; clk         ; 0.000        ; 0.057      ; 1.449      ;
; 1.249 ; r[3]                     ; s[7]                     ; clk          ; clk         ; 0.000        ; 0.057      ; 1.450      ;
; 1.249 ; r[1]                     ; s[4]                     ; clk          ; clk         ; 0.000        ; 0.057      ; 1.450      ;
; 1.260 ; r[2]                     ; s[6]                     ; clk          ; clk         ; 0.000        ; 0.057      ; 1.461      ;
; 1.261 ; r[2]                     ; s[7]                     ; clk          ; clk         ; 0.000        ; 0.057      ; 1.462      ;
; 1.262 ; r[2]                     ; r[5]                     ; clk          ; clk         ; 0.000        ; 0.056      ; 1.462      ;
; 1.263 ; r[1]                     ; r[4]                     ; clk          ; clk         ; 0.000        ; 0.056      ; 1.463      ;
; 1.265 ; r[0]                     ; r[4]                     ; clk          ; clk         ; 0.000        ; 0.056      ; 1.465      ;
; 1.268 ; s[6]                     ; s[7]                     ; clk          ; clk         ; 0.000        ; 0.057      ; 1.469      ;
; 1.273 ; s[4]                     ; s[5]                     ; clk          ; clk         ; 0.000        ; 0.057      ; 1.474      ;
; 1.274 ; r[3]                     ; r[5]                     ; clk          ; clk         ; 0.000        ; 0.056      ; 1.474      ;
; 1.275 ; s[1]                     ; s[2]                     ; clk          ; clk         ; 0.000        ; 0.057      ; 1.476      ;
; 1.278 ; current_state.INICIALIZA ; s[2]                     ; clk          ; clk         ; 0.000        ; 0.057      ; 1.479      ;
; 1.278 ; current_state.INICIALIZA ; s[3]                     ; clk          ; clk         ; 0.000        ; 0.057      ; 1.479      ;
; 1.278 ; current_state.INICIALIZA ; s[4]                     ; clk          ; clk         ; 0.000        ; 0.057      ; 1.479      ;
; 1.278 ; current_state.INICIALIZA ; s[6]                     ; clk          ; clk         ; 0.000        ; 0.057      ; 1.479      ;
; 1.278 ; current_state.INICIALIZA ; s[7]                     ; clk          ; clk         ; 0.000        ; 0.057      ; 1.479      ;
; 1.278 ; current_state.INICIALIZA ; t                        ; clk          ; clk         ; 0.000        ; 0.057      ; 1.479      ;
; 1.278 ; s[1]                     ; s[3]                     ; clk          ; clk         ; 0.000        ; 0.057      ; 1.479      ;
; 1.281 ; s[3]                     ; s[5]                     ; clk          ; clk         ; 0.000        ; 0.057      ; 1.482      ;
; 1.286 ; r[0]                     ; s[2]                     ; clk          ; clk         ; 0.000        ; 0.057      ; 1.487      ;
; 1.289 ; r[0]                     ; s[3]                     ; clk          ; clk         ; 0.000        ; 0.057      ; 1.490      ;
; 1.297 ; s[2]                     ; s[3]                     ; clk          ; clk         ; 0.000        ; 0.057      ; 1.498      ;
; 1.302 ; s[3]                     ; s[4]                     ; clk          ; clk         ; 0.000        ; 0.057      ; 1.503      ;
; 1.314 ; current_state.PROCESSA_0 ; r[1]                     ; clk          ; clk         ; 0.000        ; 0.057      ; 1.515      ;
; 1.320 ; i[3]                     ; t                        ; clk          ; clk         ; 0.000        ; 0.057      ; 1.521      ;
; 1.323 ; r[4]                     ; s[6]                     ; clk          ; clk         ; 0.000        ; 0.057      ; 1.524      ;
; 1.324 ; r[4]                     ; s[7]                     ; clk          ; clk         ; 0.000        ; 0.057      ; 1.525      ;
; 1.343 ; r[1]                     ; s[6]                     ; clk          ; clk         ; 0.000        ; 0.057      ; 1.544      ;
; 1.344 ; r[1]                     ; s[7]                     ; clk          ; clk         ; 0.000        ; 0.057      ; 1.545      ;
; 1.344 ; r[1]                     ; r[5]                     ; clk          ; clk         ; 0.000        ; 0.056      ; 1.544      ;
; 1.348 ; r[0]                     ; r[5]                     ; clk          ; clk         ; 0.000        ; 0.056      ; 1.548      ;
; 1.350 ; s[1]                     ; s[5]                     ; clk          ; clk         ; 0.000        ; 0.057      ; 1.551      ;
; 1.361 ; r[2]                     ; r[7]                     ; clk          ; clk         ; 0.000        ; 0.056      ; 1.561      ;
; 1.361 ; r[0]                     ; s[5]                     ; clk          ; clk         ; 0.000        ; 0.057      ; 1.562      ;
; 1.369 ; s[2]                     ; s[5]                     ; clk          ; clk         ; 0.000        ; 0.057      ; 1.570      ;
; 1.371 ; r[2]                     ; r[6]                     ; clk          ; clk         ; 0.000        ; 0.056      ; 1.571      ;
+-------+--------------------------+--------------------------+--------------+-------------+--------------+------------+------------+


+---------------------------------------------------------------------------------------------------------------+
; Slow 1200mV 0C Model Minimum Pulse Width: 'clk'                                                               ;
+--------+--------------+----------------+------------------+-------+------------+------------------------------+
; Slack  ; Actual Width ; Required Width ; Type             ; Clock ; Clock Edge ; Target                       ;
+--------+--------------+----------------+------------------+-------+------------+------------------------------+
; -3.000 ; 1.000        ; 4.000          ; Port Rate        ; clk   ; Rise       ; clk                          ;
; -1.000 ; 1.000        ; 2.000          ; Min Period       ; clk   ; Rise       ; current_state.DECIDE         ;
; -1.000 ; 1.000        ; 2.000          ; Min Period       ; clk   ; Rise       ; current_state.ESPERA         ;
; -1.000 ; 1.000        ; 2.000          ; Min Period       ; clk   ; Rise       ; current_state.INICIALIZA     ;
; -1.000 ; 1.000        ; 2.000          ; Min Period       ; clk   ; Rise       ; current_state.PROCESSA_0     ;
; -1.000 ; 1.000        ; 2.000          ; Min Period       ; clk   ; Rise       ; current_state.PRONTO         ;
; -1.000 ; 1.000        ; 2.000          ; Min Period       ; clk   ; Rise       ; i[1]                         ;
; -1.000 ; 1.000        ; 2.000          ; Min Period       ; clk   ; Rise       ; i[2]                         ;
; -1.000 ; 1.000        ; 2.000          ; Min Period       ; clk   ; Rise       ; i[3]                         ;
; -1.000 ; 1.000        ; 2.000          ; Min Period       ; clk   ; Rise       ; i[4]                         ;
; -1.000 ; 1.000        ; 2.000          ; Min Period       ; clk   ; Rise       ; i[5]                         ;
; -1.000 ; 1.000        ; 2.000          ; Min Period       ; clk   ; Rise       ; i[6]                         ;
; -1.000 ; 1.000        ; 2.000          ; Min Period       ; clk   ; Rise       ; i[7]                         ;
; -1.000 ; 1.000        ; 2.000          ; Min Period       ; clk   ; Rise       ; r[0]                         ;
; -1.000 ; 1.000        ; 2.000          ; Min Period       ; clk   ; Rise       ; r[1]                         ;
; -1.000 ; 1.000        ; 2.000          ; Min Period       ; clk   ; Rise       ; r[2]                         ;
; -1.000 ; 1.000        ; 2.000          ; Min Period       ; clk   ; Rise       ; r[3]                         ;
; -1.000 ; 1.000        ; 2.000          ; Min Period       ; clk   ; Rise       ; r[4]                         ;
; -1.000 ; 1.000        ; 2.000          ; Min Period       ; clk   ; Rise       ; r[5]                         ;
; -1.000 ; 1.000        ; 2.000          ; Min Period       ; clk   ; Rise       ; r[6]                         ;
; -1.000 ; 1.000        ; 2.000          ; Min Period       ; clk   ; Rise       ; r[7]                         ;
; -1.000 ; 1.000        ; 2.000          ; Min Period       ; clk   ; Rise       ; s[1]                         ;
; -1.000 ; 1.000        ; 2.000          ; Min Period       ; clk   ; Rise       ; s[2]                         ;
; -1.000 ; 1.000        ; 2.000          ; Min Period       ; clk   ; Rise       ; s[3]                         ;
; -1.000 ; 1.000        ; 2.000          ; Min Period       ; clk   ; Rise       ; s[4]                         ;
; -1.000 ; 1.000        ; 2.000          ; Min Period       ; clk   ; Rise       ; s[5]                         ;
; -1.000 ; 1.000        ; 2.000          ; Min Period       ; clk   ; Rise       ; s[6]                         ;
; -1.000 ; 1.000        ; 2.000          ; Min Period       ; clk   ; Rise       ; s[7]                         ;
; -1.000 ; 1.000        ; 2.000          ; Min Period       ; clk   ; Rise       ; t                            ;
; 0.218  ; 0.402        ; 0.184          ; Low Pulse Width  ; clk   ; Rise       ; current_state.DECIDE         ;
; 0.218  ; 0.402        ; 0.184          ; Low Pulse Width  ; clk   ; Rise       ; current_state.ESPERA         ;
; 0.218  ; 0.402        ; 0.184          ; Low Pulse Width  ; clk   ; Rise       ; current_state.INICIALIZA     ;
; 0.218  ; 0.402        ; 0.184          ; Low Pulse Width  ; clk   ; Rise       ; current_state.PROCESSA_0     ;
; 0.218  ; 0.402        ; 0.184          ; Low Pulse Width  ; clk   ; Rise       ; current_state.PRONTO         ;
; 0.218  ; 0.402        ; 0.184          ; Low Pulse Width  ; clk   ; Rise       ; i[1]                         ;
; 0.218  ; 0.402        ; 0.184          ; Low Pulse Width  ; clk   ; Rise       ; i[2]                         ;
; 0.218  ; 0.402        ; 0.184          ; Low Pulse Width  ; clk   ; Rise       ; i[3]                         ;
; 0.218  ; 0.402        ; 0.184          ; Low Pulse Width  ; clk   ; Rise       ; i[4]                         ;
; 0.218  ; 0.402        ; 0.184          ; Low Pulse Width  ; clk   ; Rise       ; i[5]                         ;
; 0.218  ; 0.402        ; 0.184          ; Low Pulse Width  ; clk   ; Rise       ; i[6]                         ;
; 0.218  ; 0.402        ; 0.184          ; Low Pulse Width  ; clk   ; Rise       ; i[7]                         ;
; 0.218  ; 0.402        ; 0.184          ; Low Pulse Width  ; clk   ; Rise       ; r[0]                         ;
; 0.218  ; 0.402        ; 0.184          ; Low Pulse Width  ; clk   ; Rise       ; r[1]                         ;
; 0.218  ; 0.402        ; 0.184          ; Low Pulse Width  ; clk   ; Rise       ; r[2]                         ;
; 0.218  ; 0.402        ; 0.184          ; Low Pulse Width  ; clk   ; Rise       ; r[3]                         ;
; 0.218  ; 0.402        ; 0.184          ; Low Pulse Width  ; clk   ; Rise       ; r[4]                         ;
; 0.218  ; 0.402        ; 0.184          ; Low Pulse Width  ; clk   ; Rise       ; r[5]                         ;
; 0.218  ; 0.402        ; 0.184          ; Low Pulse Width  ; clk   ; Rise       ; r[6]                         ;
; 0.218  ; 0.402        ; 0.184          ; Low Pulse Width  ; clk   ; Rise       ; r[7]                         ;
; 0.218  ; 0.402        ; 0.184          ; Low Pulse Width  ; clk   ; Rise       ; s[1]                         ;
; 0.218  ; 0.402        ; 0.184          ; Low Pulse Width  ; clk   ; Rise       ; s[2]                         ;
; 0.218  ; 0.402        ; 0.184          ; Low Pulse Width  ; clk   ; Rise       ; s[3]                         ;
; 0.218  ; 0.402        ; 0.184          ; Low Pulse Width  ; clk   ; Rise       ; s[4]                         ;
; 0.218  ; 0.402        ; 0.184          ; Low Pulse Width  ; clk   ; Rise       ; s[5]                         ;
; 0.218  ; 0.402        ; 0.184          ; Low Pulse Width  ; clk   ; Rise       ; s[6]                         ;
; 0.218  ; 0.402        ; 0.184          ; Low Pulse Width  ; clk   ; Rise       ; s[7]                         ;
; 0.218  ; 0.402        ; 0.184          ; Low Pulse Width  ; clk   ; Rise       ; t                            ;
; 0.344  ; 0.344        ; 0.000          ; Low Pulse Width  ; clk   ; Rise       ; clk~input|o                  ;
; 0.346  ; 0.346        ; 0.000          ; Low Pulse Width  ; clk   ; Rise       ; clk~inputclkctrl|inclk[0]    ;
; 0.346  ; 0.346        ; 0.000          ; Low Pulse Width  ; clk   ; Rise       ; clk~inputclkctrl|outclk      ;
; 0.378  ; 0.378        ; 0.000          ; Low Pulse Width  ; clk   ; Rise       ; current_state.DECIDE|clk     ;
; 0.378  ; 0.378        ; 0.000          ; Low Pulse Width  ; clk   ; Rise       ; current_state.ESPERA|clk     ;
; 0.378  ; 0.378        ; 0.000          ; Low Pulse Width  ; clk   ; Rise       ; current_state.INICIALIZA|clk ;
; 0.378  ; 0.378        ; 0.000          ; Low Pulse Width  ; clk   ; Rise       ; current_state.PROCESSA_0|clk ;
; 0.378  ; 0.378        ; 0.000          ; Low Pulse Width  ; clk   ; Rise       ; current_state.PRONTO|clk     ;
; 0.378  ; 0.378        ; 0.000          ; Low Pulse Width  ; clk   ; Rise       ; i[1]|clk                     ;
; 0.378  ; 0.378        ; 0.000          ; Low Pulse Width  ; clk   ; Rise       ; i[2]|clk                     ;
; 0.378  ; 0.378        ; 0.000          ; Low Pulse Width  ; clk   ; Rise       ; i[3]|clk                     ;
; 0.378  ; 0.378        ; 0.000          ; Low Pulse Width  ; clk   ; Rise       ; i[4]|clk                     ;
; 0.378  ; 0.378        ; 0.000          ; Low Pulse Width  ; clk   ; Rise       ; i[5]|clk                     ;
; 0.378  ; 0.378        ; 0.000          ; Low Pulse Width  ; clk   ; Rise       ; i[6]|clk                     ;
; 0.378  ; 0.378        ; 0.000          ; Low Pulse Width  ; clk   ; Rise       ; i[7]|clk                     ;
; 0.378  ; 0.378        ; 0.000          ; Low Pulse Width  ; clk   ; Rise       ; r[0]|clk                     ;
; 0.378  ; 0.378        ; 0.000          ; Low Pulse Width  ; clk   ; Rise       ; r[1]|clk                     ;
; 0.378  ; 0.378        ; 0.000          ; Low Pulse Width  ; clk   ; Rise       ; r[2]|clk                     ;
; 0.378  ; 0.378        ; 0.000          ; Low Pulse Width  ; clk   ; Rise       ; r[3]|clk                     ;
; 0.378  ; 0.378        ; 0.000          ; Low Pulse Width  ; clk   ; Rise       ; r[4]|clk                     ;
; 0.378  ; 0.378        ; 0.000          ; Low Pulse Width  ; clk   ; Rise       ; r[5]|clk                     ;
; 0.378  ; 0.378        ; 0.000          ; Low Pulse Width  ; clk   ; Rise       ; r[6]|clk                     ;
; 0.378  ; 0.378        ; 0.000          ; Low Pulse Width  ; clk   ; Rise       ; r[7]|clk                     ;
; 0.378  ; 0.378        ; 0.000          ; Low Pulse Width  ; clk   ; Rise       ; s[1]|clk                     ;
; 0.378  ; 0.378        ; 0.000          ; Low Pulse Width  ; clk   ; Rise       ; s[2]|clk                     ;
; 0.378  ; 0.378        ; 0.000          ; Low Pulse Width  ; clk   ; Rise       ; s[3]|clk                     ;
; 0.378  ; 0.378        ; 0.000          ; Low Pulse Width  ; clk   ; Rise       ; s[4]|clk                     ;
; 0.378  ; 0.378        ; 0.000          ; Low Pulse Width  ; clk   ; Rise       ; s[5]|clk                     ;
; 0.378  ; 0.378        ; 0.000          ; Low Pulse Width  ; clk   ; Rise       ; s[6]|clk                     ;
; 0.378  ; 0.378        ; 0.000          ; Low Pulse Width  ; clk   ; Rise       ; s[7]|clk                     ;
; 0.378  ; 0.378        ; 0.000          ; Low Pulse Width  ; clk   ; Rise       ; t|clk                        ;
; 0.380  ; 0.596        ; 0.216          ; High Pulse Width ; clk   ; Rise       ; i[1]                         ;
; 0.380  ; 0.596        ; 0.216          ; High Pulse Width ; clk   ; Rise       ; i[2]                         ;
; 0.380  ; 0.596        ; 0.216          ; High Pulse Width ; clk   ; Rise       ; i[3]                         ;
; 0.380  ; 0.596        ; 0.216          ; High Pulse Width ; clk   ; Rise       ; i[5]                         ;
; 0.380  ; 0.596        ; 0.216          ; High Pulse Width ; clk   ; Rise       ; i[7]                         ;
; 0.380  ; 0.596        ; 0.216          ; High Pulse Width ; clk   ; Rise       ; r[0]                         ;
; 0.380  ; 0.596        ; 0.216          ; High Pulse Width ; clk   ; Rise       ; r[1]                         ;
; 0.380  ; 0.596        ; 0.216          ; High Pulse Width ; clk   ; Rise       ; r[2]                         ;
; 0.380  ; 0.596        ; 0.216          ; High Pulse Width ; clk   ; Rise       ; r[3]                         ;
; 0.380  ; 0.596        ; 0.216          ; High Pulse Width ; clk   ; Rise       ; s[1]                         ;
; 0.380  ; 0.596        ; 0.216          ; High Pulse Width ; clk   ; Rise       ; s[5]                         ;
; 0.381  ; 0.597        ; 0.216          ; High Pulse Width ; clk   ; Rise       ; current_state.DECIDE         ;
+--------+--------------+----------------+------------------+-------+------------+------------------------------+


+-----------------------------------------------------------------------+
; Setup Times                                                           ;
+-----------+------------+-------+-------+------------+-----------------+
; Data Port ; Clock Port ; Rise  ; Fall  ; Clock Edge ; Clock Reference ;
+-----------+------------+-------+-------+------------+-----------------+
; input[*]  ; clk        ; 1.965 ; 2.372 ; Rise       ; clk             ;
;  input[1] ; clk        ; 1.554 ; 1.917 ; Rise       ; clk             ;
;  input[2] ; clk        ; 1.928 ; 2.324 ; Rise       ; clk             ;
;  input[3] ; clk        ; 1.577 ; 1.918 ; Rise       ; clk             ;
;  input[4] ; clk        ; 1.965 ; 2.372 ; Rise       ; clk             ;
;  input[5] ; clk        ; 1.783 ; 2.127 ; Rise       ; clk             ;
;  input[6] ; clk        ; 1.946 ; 2.345 ; Rise       ; clk             ;
;  input[7] ; clk        ; 1.785 ; 2.146 ; Rise       ; clk             ;
; start     ; clk        ; 0.045 ; 0.176 ; Rise       ; clk             ;
+-----------+------------+-------+-------+------------+-----------------+


+-------------------------------------------------------------------------+
; Hold Times                                                              ;
+-----------+------------+--------+--------+------------+-----------------+
; Data Port ; Clock Port ; Rise   ; Fall   ; Clock Edge ; Clock Reference ;
+-----------+------------+--------+--------+------------+-----------------+
; input[*]  ; clk        ; -1.213 ; -1.568 ; Rise       ; clk             ;
;  input[1] ; clk        ; -1.213 ; -1.568 ; Rise       ; clk             ;
;  input[2] ; clk        ; -1.573 ; -1.958 ; Rise       ; clk             ;
;  input[3] ; clk        ; -1.236 ; -1.569 ; Rise       ; clk             ;
;  input[4] ; clk        ; -1.609 ; -2.005 ; Rise       ; clk             ;
;  input[5] ; clk        ; -1.434 ; -1.770 ; Rise       ; clk             ;
;  input[6] ; clk        ; -1.591 ; -1.979 ; Rise       ; clk             ;
;  input[7] ; clk        ; -1.435 ; -1.787 ; Rise       ; clk             ;
; start     ; clk        ; 0.240  ; 0.113  ; Rise       ; clk             ;
+-----------+------------+--------+--------+------------+-----------------+


+-----------------------------------------------------------------------+
; Clock to Output Times                                                 ;
+-----------+------------+-------+-------+------------+-----------------+
; Data Port ; Clock Port ; Rise  ; Fall  ; Clock Edge ; Clock Reference ;
+-----------+------------+-------+-------+------------+-----------------+
; ready     ; clk        ; 5.562 ; 5.447 ; Rise       ; clk             ;
; sqrt[*]   ; clk        ; 6.595 ; 6.481 ; Rise       ; clk             ;
;  sqrt[0]  ; clk        ; 6.243 ; 6.099 ; Rise       ; clk             ;
;  sqrt[1]  ; clk        ; 6.252 ; 6.113 ; Rise       ; clk             ;
;  sqrt[2]  ; clk        ; 6.478 ; 6.333 ; Rise       ; clk             ;
;  sqrt[3]  ; clk        ; 6.211 ; 6.130 ; Rise       ; clk             ;
;  sqrt[4]  ; clk        ; 6.318 ; 6.207 ; Rise       ; clk             ;
;  sqrt[5]  ; clk        ; 6.595 ; 6.481 ; Rise       ; clk             ;
;  sqrt[6]  ; clk        ; 6.239 ; 6.170 ; Rise       ; clk             ;
;  sqrt[7]  ; clk        ; 6.029 ; 5.909 ; Rise       ; clk             ;
+-----------+------------+-------+-------+------------+-----------------+


+-----------------------------------------------------------------------+
; Minimum Clock to Output Times                                         ;
+-----------+------------+-------+-------+------------+-----------------+
; Data Port ; Clock Port ; Rise  ; Fall  ; Clock Edge ; Clock Reference ;
+-----------+------------+-------+-------+------------+-----------------+
; ready     ; clk        ; 5.382 ; 5.267 ; Rise       ; clk             ;
; sqrt[*]   ; clk        ; 5.658 ; 5.586 ; Rise       ; clk             ;
;  sqrt[0]  ; clk        ; 5.831 ; 5.713 ; Rise       ; clk             ;
;  sqrt[1]  ; clk        ; 5.788 ; 5.645 ; Rise       ; clk             ;
;  sqrt[2]  ; clk        ; 6.007 ; 5.858 ; Rise       ; clk             ;
;  sqrt[3]  ; clk        ; 5.730 ; 5.637 ; Rise       ; clk             ;
;  sqrt[4]  ; clk        ; 5.859 ; 5.782 ; Rise       ; clk             ;
;  sqrt[5]  ; clk        ; 5.926 ; 5.879 ; Rise       ; clk             ;
;  sqrt[6]  ; clk        ; 5.929 ; 5.852 ; Rise       ; clk             ;
;  sqrt[7]  ; clk        ; 5.658 ; 5.586 ; Rise       ; clk             ;
+-----------+------------+-------+-------+------------+-----------------+


---------------------------------------------
; Slow 1200mV 0C Model Metastability Report ;
---------------------------------------------
No synchronizer chains to report.


+------------------------------------+
; Fast 1200mV 0C Model Setup Summary ;
+-------+--------+-------------------+
; Clock ; Slack  ; End Point TNS     ;
+-------+--------+-------------------+
; clk   ; -0.918 ; -5.088            ;
+-------+--------+-------------------+


+-----------------------------------+
; Fast 1200mV 0C Model Hold Summary ;
+-------+-------+-------------------+
; Clock ; Slack ; End Point TNS     ;
+-------+-------+-------------------+
; clk   ; 0.186 ; 0.000             ;
+-------+-------+-------------------+


-----------------------------------------
; Fast 1200mV 0C Model Recovery Summary ;
-----------------------------------------
No paths to report.


----------------------------------------
; Fast 1200mV 0C Model Removal Summary ;
----------------------------------------
No paths to report.


+--------------------------------------------------+
; Fast 1200mV 0C Model Minimum Pulse Width Summary ;
+-------+--------+---------------------------------+
; Clock ; Slack  ; End Point TNS                   ;
+-------+--------+---------------------------------+
; clk   ; -3.000 ; -31.767                         ;
+-------+--------+---------------------------------+


+-------------------------------------------------------------------------------------------------------------------+
; Fast 1200mV 0C Model Setup: 'clk'                                                                                 ;
+--------+--------------------------+---------+--------------+-------------+--------------+------------+------------+
; Slack  ; From Node                ; To Node ; Launch Clock ; Latch Clock ; Relationship ; Clock Skew ; Data Delay ;
+--------+--------------------------+---------+--------------+-------------+--------------+------------+------------+
; -0.918 ; s[2]                     ; t       ; clk          ; clk         ; 1.000        ; -0.037     ; 1.868      ;
; -0.891 ; r[0]                     ; t       ; clk          ; clk         ; 1.000        ; -0.036     ; 1.842      ;
; -0.883 ; s[1]                     ; t       ; clk          ; clk         ; 1.000        ; -0.036     ; 1.834      ;
; -0.847 ; s[4]                     ; t       ; clk          ; clk         ; 1.000        ; -0.037     ; 1.797      ;
; -0.831 ; r[1]                     ; t       ; clk          ; clk         ; 1.000        ; -0.036     ; 1.782      ;
; -0.825 ; s[3]                     ; t       ; clk          ; clk         ; 1.000        ; -0.037     ; 1.775      ;
; -0.775 ; r[4]                     ; t       ; clk          ; clk         ; 1.000        ; -0.036     ; 1.726      ;
; -0.766 ; r[3]                     ; t       ; clk          ; clk         ; 1.000        ; -0.036     ; 1.717      ;
; -0.759 ; r[2]                     ; t       ; clk          ; clk         ; 1.000        ; -0.036     ; 1.710      ;
; -0.677 ; s[5]                     ; t       ; clk          ; clk         ; 1.000        ; -0.036     ; 1.628      ;
; -0.652 ; r[5]                     ; t       ; clk          ; clk         ; 1.000        ; -0.036     ; 1.603      ;
; -0.623 ; i[2]                     ; t       ; clk          ; clk         ; 1.000        ; -0.036     ; 1.574      ;
; -0.536 ; s[6]                     ; t       ; clk          ; clk         ; 1.000        ; -0.037     ; 1.486      ;
; -0.528 ; r[1]                     ; r[2]    ; clk          ; clk         ; 1.000        ; -0.036     ; 1.479      ;
; -0.480 ; r[0]                     ; r[2]    ; clk          ; clk         ; 1.000        ; -0.036     ; 1.431      ;
; -0.350 ; r[0]                     ; r[1]    ; clk          ; clk         ; 1.000        ; -0.036     ; 1.301      ;
; -0.346 ; s[2]                     ; s[7]    ; clk          ; clk         ; 1.000        ; -0.037     ; 1.296      ;
; -0.345 ; r[1]                     ; r[6]    ; clk          ; clk         ; 1.000        ; -0.037     ; 1.295      ;
; -0.309 ; r[5]                     ; s[7]    ; clk          ; clk         ; 1.000        ; -0.036     ; 1.260      ;
; -0.300 ; s[2]                     ; s[6]    ; clk          ; clk         ; 1.000        ; -0.037     ; 1.250      ;
; -0.297 ; r[0]                     ; r[6]    ; clk          ; clk         ; 1.000        ; -0.037     ; 1.247      ;
; -0.296 ; r[3]                     ; r[6]    ; clk          ; clk         ; 1.000        ; -0.037     ; 1.246      ;
; -0.287 ; s[2]                     ; s[5]    ; clk          ; clk         ; 1.000        ; -0.037     ; 1.237      ;
; -0.287 ; r[0]                     ; s[7]    ; clk          ; clk         ; 1.000        ; -0.036     ; 1.238      ;
; -0.281 ; r[1]                     ; r[3]    ; clk          ; clk         ; 1.000        ; -0.036     ; 1.232      ;
; -0.278 ; r[1]                     ; r[7]    ; clk          ; clk         ; 1.000        ; -0.037     ; 1.228      ;
; -0.277 ; i[4]                     ; t       ; clk          ; clk         ; 1.000        ; -0.036     ; 1.228      ;
; -0.275 ; s[4]                     ; s[7]    ; clk          ; clk         ; 1.000        ; -0.037     ; 1.225      ;
; -0.274 ; s[1]                     ; s[7]    ; clk          ; clk         ; 1.000        ; -0.036     ; 1.225      ;
; -0.273 ; r[0]                     ; s[6]    ; clk          ; clk         ; 1.000        ; -0.036     ; 1.224      ;
; -0.265 ; s[1]                     ; s[6]    ; clk          ; clk         ; 1.000        ; -0.036     ; 1.216      ;
; -0.260 ; r[0]                     ; r[3]    ; clk          ; clk         ; 1.000        ; -0.036     ; 1.211      ;
; -0.259 ; r[1]                     ; s[7]    ; clk          ; clk         ; 1.000        ; -0.036     ; 1.210      ;
; -0.257 ; r[0]                     ; r[7]    ; clk          ; clk         ; 1.000        ; -0.037     ; 1.207      ;
; -0.255 ; r[6]                     ; t       ; clk          ; clk         ; 1.000        ; -0.036     ; 1.206      ;
; -0.248 ; current_state.PROCESSA_0 ; r[4]    ; clk          ; clk         ; 1.000        ; -0.038     ; 1.197      ;
; -0.248 ; current_state.PROCESSA_0 ; r[5]    ; clk          ; clk         ; 1.000        ; -0.038     ; 1.197      ;
; -0.248 ; current_state.PROCESSA_0 ; r[6]    ; clk          ; clk         ; 1.000        ; -0.038     ; 1.197      ;
; -0.248 ; current_state.PROCESSA_0 ; r[7]    ; clk          ; clk         ; 1.000        ; -0.038     ; 1.197      ;
; -0.246 ; r[2]                     ; r[2]    ; clk          ; clk         ; 1.000        ; -0.036     ; 1.197      ;
; -0.233 ; s[2]                     ; s[4]    ; clk          ; clk         ; 1.000        ; -0.037     ; 1.183      ;
; -0.230 ; r[2]                     ; r[6]    ; clk          ; clk         ; 1.000        ; -0.037     ; 1.180      ;
; -0.229 ; s[4]                     ; s[6]    ; clk          ; clk         ; 1.000        ; -0.037     ; 1.179      ;
; -0.229 ; r[3]                     ; r[7]    ; clk          ; clk         ; 1.000        ; -0.037     ; 1.179      ;
; -0.228 ; r[0]                     ; s[5]    ; clk          ; clk         ; 1.000        ; -0.036     ; 1.179      ;
; -0.227 ; s[3]                     ; s[7]    ; clk          ; clk         ; 1.000        ; -0.037     ; 1.177      ;
; -0.221 ; i[1]                     ; t       ; clk          ; clk         ; 1.000        ; -0.036     ; 1.172      ;
; -0.218 ; r[0]                     ; s[1]    ; clk          ; clk         ; 1.000        ; -0.036     ; 1.169      ;
; -0.216 ; s[4]                     ; s[5]    ; clk          ; clk         ; 1.000        ; -0.037     ; 1.166      ;
; -0.215 ; s[1]                     ; s[5]    ; clk          ; clk         ; 1.000        ; -0.036     ; 1.166      ;
; -0.214 ; s[2]                     ; s[3]    ; clk          ; clk         ; 1.000        ; -0.037     ; 1.164      ;
; -0.213 ; i[6]                     ; t       ; clk          ; clk         ; 1.000        ; -0.036     ; 1.164      ;
; -0.213 ; r[1]                     ; s[6]    ; clk          ; clk         ; 1.000        ; -0.036     ; 1.164      ;
; -0.210 ; s[1]                     ; s[1]    ; clk          ; clk         ; 1.000        ; -0.036     ; 1.161      ;
; -0.208 ; r[1]                     ; r[5]    ; clk          ; clk         ; 1.000        ; -0.037     ; 1.158      ;
; -0.207 ; s[3]                     ; s[6]    ; clk          ; clk         ; 1.000        ; -0.037     ; 1.157      ;
; -0.206 ; r[1]                     ; r[4]    ; clk          ; clk         ; 1.000        ; -0.037     ; 1.156      ;
; -0.206 ; r[0]                     ; s[4]    ; clk          ; clk         ; 1.000        ; -0.036     ; 1.157      ;
; -0.200 ; r[1]                     ; s[5]    ; clk          ; clk         ; 1.000        ; -0.036     ; 1.151      ;
; -0.198 ; s[7]                     ; t       ; clk          ; clk         ; 1.000        ; -0.037     ; 1.148      ;
; -0.198 ; r[2]                     ; r[3]    ; clk          ; clk         ; 1.000        ; -0.036     ; 1.149      ;
; -0.198 ; s[1]                     ; s[4]    ; clk          ; clk         ; 1.000        ; -0.036     ; 1.149      ;
; -0.195 ; r[2]                     ; r[7]    ; clk          ; clk         ; 1.000        ; -0.037     ; 1.145      ;
; -0.194 ; r[3]                     ; s[7]    ; clk          ; clk         ; 1.000        ; -0.036     ; 1.145      ;
; -0.193 ; s[6]                     ; s[7]    ; clk          ; clk         ; 1.000        ; -0.037     ; 1.143      ;
; -0.187 ; r[0]                     ; r[5]    ; clk          ; clk         ; 1.000        ; -0.037     ; 1.137      ;
; -0.168 ; s[3]                     ; s[5]    ; clk          ; clk         ; 1.000        ; -0.037     ; 1.118      ;
; -0.167 ; r[4]                     ; s[7]    ; clk          ; clk         ; 1.000        ; -0.036     ; 1.118      ;
; -0.159 ; r[3]                     ; r[5]    ; clk          ; clk         ; 1.000        ; -0.037     ; 1.109      ;
; -0.158 ; r[0]                     ; r[4]    ; clk          ; clk         ; 1.000        ; -0.037     ; 1.108      ;
; -0.157 ; r[4]                     ; s[6]    ; clk          ; clk         ; 1.000        ; -0.036     ; 1.108      ;
; -0.157 ; r[3]                     ; r[4]    ; clk          ; clk         ; 1.000        ; -0.037     ; 1.107      ;
; -0.156 ; r[0]                     ; r[0]    ; clk          ; clk         ; 1.000        ; -0.036     ; 1.107      ;
; -0.155 ; r[0]                     ; s[3]    ; clk          ; clk         ; 1.000        ; -0.036     ; 1.106      ;
; -0.154 ; i[3]                     ; t       ; clk          ; clk         ; 1.000        ; -0.036     ; 1.105      ;
; -0.148 ; r[3]                     ; s[6]    ; clk          ; clk         ; 1.000        ; -0.036     ; 1.099      ;
; -0.147 ; r[2]                     ; s[7]    ; clk          ; clk         ; 1.000        ; -0.036     ; 1.098      ;
; -0.146 ; r[1]                     ; s[4]    ; clk          ; clk         ; 1.000        ; -0.036     ; 1.097      ;
; -0.142 ; s[1]                     ; s[3]    ; clk          ; clk         ; 1.000        ; -0.036     ; 1.093      ;
; -0.141 ; r[2]                     ; s[6]    ; clk          ; clk         ; 1.000        ; -0.036     ; 1.092      ;
; -0.140 ; s[3]                     ; s[4]    ; clk          ; clk         ; 1.000        ; -0.037     ; 1.090      ;
; -0.138 ; r[0]                     ; s[2]    ; clk          ; clk         ; 1.000        ; -0.036     ; 1.089      ;
; -0.138 ; current_state.PROCESSA_0 ; r[2]    ; clk          ; clk         ; 1.000        ; -0.037     ; 1.088      ;
; -0.137 ; current_state.PROCESSA_0 ; r[0]    ; clk          ; clk         ; 1.000        ; -0.037     ; 1.087      ;
; -0.137 ; current_state.PROCESSA_0 ; s[1]    ; clk          ; clk         ; 1.000        ; -0.037     ; 1.087      ;
; -0.137 ; current_state.PROCESSA_0 ; r[1]    ; clk          ; clk         ; 1.000        ; -0.037     ; 1.087      ;
; -0.137 ; current_state.PROCESSA_0 ; r[3]    ; clk          ; clk         ; 1.000        ; -0.037     ; 1.087      ;
; -0.137 ; current_state.PROCESSA_0 ; s[5]    ; clk          ; clk         ; 1.000        ; -0.037     ; 1.087      ;
; -0.135 ; r[3]                     ; s[5]    ; clk          ; clk         ; 1.000        ; -0.036     ; 1.086      ;
; -0.130 ; s[1]                     ; s[2]    ; clk          ; clk         ; 1.000        ; -0.036     ; 1.081      ;
; -0.127 ; r[1]                     ; s[3]    ; clk          ; clk         ; 1.000        ; -0.036     ; 1.078      ;
; -0.126 ; r[5]                     ; r[6]    ; clk          ; clk         ; 1.000        ; -0.037     ; 1.076      ;
; -0.125 ; r[2]                     ; r[5]    ; clk          ; clk         ; 1.000        ; -0.037     ; 1.075      ;
; -0.123 ; r[1]                     ; r[1]    ; clk          ; clk         ; 1.000        ; -0.036     ; 1.074      ;
; -0.119 ; current_state.INICIALIZA ; r[4]    ; clk          ; clk         ; 1.000        ; -0.038     ; 1.068      ;
; -0.119 ; current_state.INICIALIZA ; r[5]    ; clk          ; clk         ; 1.000        ; -0.038     ; 1.068      ;
; -0.119 ; current_state.INICIALIZA ; r[6]    ; clk          ; clk         ; 1.000        ; -0.038     ; 1.068      ;
; -0.119 ; current_state.INICIALIZA ; r[7]    ; clk          ; clk         ; 1.000        ; -0.038     ; 1.068      ;
; -0.095 ; r[4]                     ; r[6]    ; clk          ; clk         ; 1.000        ; -0.037     ; 1.045      ;
; -0.091 ; r[2]                     ; r[4]    ; clk          ; clk         ; 1.000        ; -0.037     ; 1.041      ;
+--------+--------------------------+---------+--------------+-------------+--------------+------------+------------+


+-----------------------------------------------------------------------------------------------------------------------------------+
; Fast 1200mV 0C Model Hold: 'clk'                                                                                                  ;
+-------+--------------------------+--------------------------+--------------+-------------+--------------+------------+------------+
; Slack ; From Node                ; To Node                  ; Launch Clock ; Latch Clock ; Relationship ; Clock Skew ; Data Delay ;
+-------+--------------------------+--------------------------+--------------+-------------+--------------+------------+------------+
; 0.186 ; current_state.ESPERA     ; current_state.ESPERA     ; clk          ; clk         ; 0.000        ; 0.037      ; 0.307      ;
; 0.196 ; t                        ; current_state.PROCESSA_0 ; clk          ; clk         ; 0.000        ; 0.037      ; 0.317      ;
; 0.201 ; t                        ; current_state.PRONTO     ; clk          ; clk         ; 0.000        ; 0.037      ; 0.322      ;
; 0.258 ; current_state.DECIDE     ; current_state.PROCESSA_0 ; clk          ; clk         ; 0.000        ; 0.037      ; 0.379      ;
; 0.259 ; current_state.DECIDE     ; current_state.PRONTO     ; clk          ; clk         ; 0.000        ; 0.037      ; 0.380      ;
; 0.289 ; current_state.PROCESSA_0 ; r[3]                     ; clk          ; clk         ; 0.000        ; 0.036      ; 0.409      ;
; 0.289 ; current_state.PROCESSA_0 ; s[5]                     ; clk          ; clk         ; 0.000        ; 0.036      ; 0.409      ;
; 0.309 ; current_state.ESPERA     ; current_state.INICIALIZA ; clk          ; clk         ; 0.000        ; 0.037      ; 0.430      ;
; 0.335 ; current_state.PROCESSA_0 ; s[7]                     ; clk          ; clk         ; 0.000        ; 0.037      ; 0.456      ;
; 0.338 ; current_state.PROCESSA_0 ; s[3]                     ; clk          ; clk         ; 0.000        ; 0.037      ; 0.459      ;
; 0.343 ; current_state.PROCESSA_0 ; s[4]                     ; clk          ; clk         ; 0.000        ; 0.037      ; 0.464      ;
; 0.343 ; current_state.PROCESSA_0 ; s[6]                     ; clk          ; clk         ; 0.000        ; 0.037      ; 0.464      ;
; 0.352 ; r[7]                     ; r[7]                     ; clk          ; clk         ; 0.000        ; 0.037      ; 0.473      ;
; 0.376 ; current_state.PROCESSA_0 ; s[2]                     ; clk          ; clk         ; 0.000        ; 0.037      ; 0.497      ;
; 0.393 ; current_state.PRONTO     ; current_state.ESPERA     ; clk          ; clk         ; 0.000        ; 0.037      ; 0.514      ;
; 0.437 ; current_state.PROCESSA_0 ; t                        ; clk          ; clk         ; 0.000        ; 0.037      ; 0.558      ;
; 0.438 ; i[7]                     ; t                        ; clk          ; clk         ; 0.000        ; 0.037      ; 0.559      ;
; 0.460 ; r[5]                     ; r[5]                     ; clk          ; clk         ; 0.000        ; 0.037      ; 0.581      ;
; 0.463 ; current_state.PROCESSA_0 ; r[5]                     ; clk          ; clk         ; 0.000        ; 0.036      ; 0.583      ;
; 0.465 ; current_state.INICIALIZA ; current_state.DECIDE     ; clk          ; clk         ; 0.000        ; 0.037      ; 0.586      ;
; 0.467 ; current_state.PROCESSA_0 ; r[4]                     ; clk          ; clk         ; 0.000        ; 0.036      ; 0.587      ;
; 0.467 ; current_state.PROCESSA_0 ; r[7]                     ; clk          ; clk         ; 0.000        ; 0.036      ; 0.587      ;
; 0.476 ; r[4]                     ; r[4]                     ; clk          ; clk         ; 0.000        ; 0.037      ; 0.597      ;
; 0.508 ; current_state.PROCESSA_0 ; r[6]                     ; clk          ; clk         ; 0.000        ; 0.036      ; 0.628      ;
; 0.517 ; s[5]                     ; s[5]                     ; clk          ; clk         ; 0.000        ; 0.036      ; 0.637      ;
; 0.522 ; r[6]                     ; r[6]                     ; clk          ; clk         ; 0.000        ; 0.037      ; 0.643      ;
; 0.532 ; r[2]                     ; s[3]                     ; clk          ; clk         ; 0.000        ; 0.037      ; 0.653      ;
; 0.543 ; r[3]                     ; s[4]                     ; clk          ; clk         ; 0.000        ; 0.037      ; 0.664      ;
; 0.543 ; r[1]                     ; s[2]                     ; clk          ; clk         ; 0.000        ; 0.037      ; 0.664      ;
; 0.547 ; current_state.PROCESSA_0 ; current_state.DECIDE     ; clk          ; clk         ; 0.000        ; 0.037      ; 0.668      ;
; 0.580 ; s[7]                     ; s[7]                     ; clk          ; clk         ; 0.000        ; 0.037      ; 0.701      ;
; 0.595 ; s[3]                     ; s[3]                     ; clk          ; clk         ; 0.000        ; 0.037      ; 0.716      ;
; 0.599 ; r[6]                     ; s[7]                     ; clk          ; clk         ; 0.000        ; 0.038      ; 0.721      ;
; 0.601 ; s[6]                     ; s[6]                     ; clk          ; clk         ; 0.000        ; 0.037      ; 0.722      ;
; 0.608 ; r[4]                     ; s[5]                     ; clk          ; clk         ; 0.000        ; 0.037      ; 0.729      ;
; 0.610 ; s[2]                     ; s[2]                     ; clk          ; clk         ; 0.000        ; 0.037      ; 0.731      ;
; 0.611 ; s[4]                     ; s[4]                     ; clk          ; clk         ; 0.000        ; 0.037      ; 0.732      ;
; 0.621 ; r[6]                     ; r[7]                     ; clk          ; clk         ; 0.000        ; 0.037      ; 0.742      ;
; 0.633 ; r[4]                     ; r[5]                     ; clk          ; clk         ; 0.000        ; 0.037      ; 0.754      ;
; 0.640 ; current_state.PROCESSA_0 ; s[1]                     ; clk          ; clk         ; 0.000        ; 0.036      ; 0.760      ;
; 0.667 ; r[3]                     ; r[3]                     ; clk          ; clk         ; 0.000        ; 0.036      ; 0.787      ;
; 0.670 ; r[5]                     ; r[6]                     ; clk          ; clk         ; 0.000        ; 0.037      ; 0.791      ;
; 0.672 ; current_state.INICIALIZA ; i[4]                     ; clk          ; clk         ; 0.000        ; 0.036      ; 0.792      ;
; 0.672 ; current_state.INICIALIZA ; i[6]                     ; clk          ; clk         ; 0.000        ; 0.036      ; 0.792      ;
; 0.674 ; r[5]                     ; r[7]                     ; clk          ; clk         ; 0.000        ; 0.037      ; 0.795      ;
; 0.676 ; current_state.INICIALIZA ; i[1]                     ; clk          ; clk         ; 0.000        ; 0.036      ; 0.796      ;
; 0.676 ; current_state.INICIALIZA ; i[2]                     ; clk          ; clk         ; 0.000        ; 0.036      ; 0.796      ;
; 0.676 ; current_state.INICIALIZA ; i[3]                     ; clk          ; clk         ; 0.000        ; 0.036      ; 0.796      ;
; 0.676 ; current_state.INICIALIZA ; i[5]                     ; clk          ; clk         ; 0.000        ; 0.036      ; 0.796      ;
; 0.676 ; current_state.INICIALIZA ; i[7]                     ; clk          ; clk         ; 0.000        ; 0.036      ; 0.796      ;
; 0.677 ; r[3]                     ; s[5]                     ; clk          ; clk         ; 0.000        ; 0.036      ; 0.797      ;
; 0.679 ; s[5]                     ; s[7]                     ; clk          ; clk         ; 0.000        ; 0.037      ; 0.800      ;
; 0.680 ; r[1]                     ; s[3]                     ; clk          ; clk         ; 0.000        ; 0.037      ; 0.801      ;
; 0.689 ; s[5]                     ; s[6]                     ; clk          ; clk         ; 0.000        ; 0.037      ; 0.810      ;
; 0.691 ; r[2]                     ; s[5]                     ; clk          ; clk         ; 0.000        ; 0.036      ; 0.811      ;
; 0.693 ; r[3]                     ; r[4]                     ; clk          ; clk         ; 0.000        ; 0.036      ; 0.813      ;
; 0.695 ; r[2]                     ; r[4]                     ; clk          ; clk         ; 0.000        ; 0.036      ; 0.815      ;
; 0.697 ; r[4]                     ; r[6]                     ; clk          ; clk         ; 0.000        ; 0.037      ; 0.818      ;
; 0.701 ; r[4]                     ; r[7]                     ; clk          ; clk         ; 0.000        ; 0.037      ; 0.822      ;
; 0.702 ; r[2]                     ; s[4]                     ; clk          ; clk         ; 0.000        ; 0.037      ; 0.823      ;
; 0.703 ; r[5]                     ; s[6]                     ; clk          ; clk         ; 0.000        ; 0.038      ; 0.825      ;
; 0.736 ; s[6]                     ; s[7]                     ; clk          ; clk         ; 0.000        ; 0.037      ; 0.857      ;
; 0.743 ; r[3]                     ; s[7]                     ; clk          ; clk         ; 0.000        ; 0.037      ; 0.864      ;
; 0.743 ; r[1]                     ; s[5]                     ; clk          ; clk         ; 0.000        ; 0.036      ; 0.863      ;
; 0.745 ; s[4]                     ; s[5]                     ; clk          ; clk         ; 0.000        ; 0.036      ; 0.865      ;
; 0.747 ; s[2]                     ; s[3]                     ; clk          ; clk         ; 0.000        ; 0.037      ; 0.868      ;
; 0.748 ; s[1]                     ; s[3]                     ; clk          ; clk         ; 0.000        ; 0.037      ; 0.869      ;
; 0.748 ; r[1]                     ; r[4]                     ; clk          ; clk         ; 0.000        ; 0.036      ; 0.868      ;
; 0.749 ; current_state.INICIALIZA ; s[2]                     ; clk          ; clk         ; 0.000        ; 0.037      ; 0.870      ;
; 0.749 ; current_state.INICIALIZA ; s[3]                     ; clk          ; clk         ; 0.000        ; 0.037      ; 0.870      ;
; 0.749 ; current_state.INICIALIZA ; s[4]                     ; clk          ; clk         ; 0.000        ; 0.037      ; 0.870      ;
; 0.749 ; current_state.INICIALIZA ; s[6]                     ; clk          ; clk         ; 0.000        ; 0.037      ; 0.870      ;
; 0.749 ; current_state.INICIALIZA ; s[7]                     ; clk          ; clk         ; 0.000        ; 0.037      ; 0.870      ;
; 0.749 ; current_state.INICIALIZA ; t                        ; clk          ; clk         ; 0.000        ; 0.037      ; 0.870      ;
; 0.753 ; r[3]                     ; s[6]                     ; clk          ; clk         ; 0.000        ; 0.037      ; 0.874      ;
; 0.754 ; current_state.PROCESSA_0 ; r[1]                     ; clk          ; clk         ; 0.000        ; 0.036      ; 0.874      ;
; 0.754 ; i[5]                     ; t                        ; clk          ; clk         ; 0.000        ; 0.037      ; 0.875      ;
; 0.754 ; s[3]                     ; s[5]                     ; clk          ; clk         ; 0.000        ; 0.036      ; 0.874      ;
; 0.754 ; r[1]                     ; s[4]                     ; clk          ; clk         ; 0.000        ; 0.037      ; 0.875      ;
; 0.755 ; r[3]                     ; r[5]                     ; clk          ; clk         ; 0.000        ; 0.036      ; 0.875      ;
; 0.756 ; s[1]                     ; s[2]                     ; clk          ; clk         ; 0.000        ; 0.037      ; 0.877      ;
; 0.756 ; r[0]                     ; s[3]                     ; clk          ; clk         ; 0.000        ; 0.037      ; 0.877      ;
; 0.757 ; r[2]                     ; s[7]                     ; clk          ; clk         ; 0.000        ; 0.037      ; 0.878      ;
; 0.757 ; r[0]                     ; r[4]                     ; clk          ; clk         ; 0.000        ; 0.036      ; 0.877      ;
; 0.757 ; r[2]                     ; r[5]                     ; clk          ; clk         ; 0.000        ; 0.036      ; 0.877      ;
; 0.764 ; r[0]                     ; s[2]                     ; clk          ; clk         ; 0.000        ; 0.037      ; 0.885      ;
; 0.765 ; s[3]                     ; s[4]                     ; clk          ; clk         ; 0.000        ; 0.037      ; 0.886      ;
; 0.767 ; r[2]                     ; s[6]                     ; clk          ; clk         ; 0.000        ; 0.037      ; 0.888      ;
; 0.770 ; r[4]                     ; s[7]                     ; clk          ; clk         ; 0.000        ; 0.038      ; 0.892      ;
; 0.780 ; r[4]                     ; s[6]                     ; clk          ; clk         ; 0.000        ; 0.038      ; 0.902      ;
; 0.806 ; current_state.PROCESSA_0 ; r[2]                     ; clk          ; clk         ; 0.000        ; 0.036      ; 0.926      ;
; 0.809 ; r[1]                     ; s[7]                     ; clk          ; clk         ; 0.000        ; 0.037      ; 0.930      ;
; 0.810 ; s[2]                     ; s[5]                     ; clk          ; clk         ; 0.000        ; 0.036      ; 0.930      ;
; 0.810 ; r[1]                     ; r[5]                     ; clk          ; clk         ; 0.000        ; 0.036      ; 0.930      ;
; 0.811 ; s[4]                     ; s[7]                     ; clk          ; clk         ; 0.000        ; 0.037      ; 0.932      ;
; 0.811 ; s[1]                     ; s[5]                     ; clk          ; clk         ; 0.000        ; 0.036      ; 0.931      ;
; 0.813 ; current_state.INICIALIZA ; r[0]                     ; clk          ; clk         ; 0.000        ; 0.036      ; 0.933      ;
; 0.813 ; current_state.INICIALIZA ; s[1]                     ; clk          ; clk         ; 0.000        ; 0.036      ; 0.933      ;
; 0.813 ; current_state.INICIALIZA ; r[1]                     ; clk          ; clk         ; 0.000        ; 0.036      ; 0.933      ;
; 0.813 ; current_state.INICIALIZA ; r[2]                     ; clk          ; clk         ; 0.000        ; 0.036      ; 0.933      ;
+-------+--------------------------+--------------------------+--------------+-------------+--------------+------------+------------+


+---------------------------------------------------------------------------------------------------------------+
; Fast 1200mV 0C Model Minimum Pulse Width: 'clk'                                                               ;
+--------+--------------+----------------+------------------+-------+------------+------------------------------+
; Slack  ; Actual Width ; Required Width ; Type             ; Clock ; Clock Edge ; Target                       ;
+--------+--------------+----------------+------------------+-------+------------+------------------------------+
; -3.000 ; 1.000        ; 4.000          ; Port Rate        ; clk   ; Rise       ; clk                          ;
; -1.000 ; 1.000        ; 2.000          ; Min Period       ; clk   ; Rise       ; current_state.DECIDE         ;
; -1.000 ; 1.000        ; 2.000          ; Min Period       ; clk   ; Rise       ; current_state.ESPERA         ;
; -1.000 ; 1.000        ; 2.000          ; Min Period       ; clk   ; Rise       ; current_state.INICIALIZA     ;
; -1.000 ; 1.000        ; 2.000          ; Min Period       ; clk   ; Rise       ; current_state.PROCESSA_0     ;
; -1.000 ; 1.000        ; 2.000          ; Min Period       ; clk   ; Rise       ; current_state.PRONTO         ;
; -1.000 ; 1.000        ; 2.000          ; Min Period       ; clk   ; Rise       ; i[1]                         ;
; -1.000 ; 1.000        ; 2.000          ; Min Period       ; clk   ; Rise       ; i[2]                         ;
; -1.000 ; 1.000        ; 2.000          ; Min Period       ; clk   ; Rise       ; i[3]                         ;
; -1.000 ; 1.000        ; 2.000          ; Min Period       ; clk   ; Rise       ; i[4]                         ;
; -1.000 ; 1.000        ; 2.000          ; Min Period       ; clk   ; Rise       ; i[5]                         ;
; -1.000 ; 1.000        ; 2.000          ; Min Period       ; clk   ; Rise       ; i[6]                         ;
; -1.000 ; 1.000        ; 2.000          ; Min Period       ; clk   ; Rise       ; i[7]                         ;
; -1.000 ; 1.000        ; 2.000          ; Min Period       ; clk   ; Rise       ; r[0]                         ;
; -1.000 ; 1.000        ; 2.000          ; Min Period       ; clk   ; Rise       ; r[1]                         ;
; -1.000 ; 1.000        ; 2.000          ; Min Period       ; clk   ; Rise       ; r[2]                         ;
; -1.000 ; 1.000        ; 2.000          ; Min Period       ; clk   ; Rise       ; r[3]                         ;
; -1.000 ; 1.000        ; 2.000          ; Min Period       ; clk   ; Rise       ; r[4]                         ;
; -1.000 ; 1.000        ; 2.000          ; Min Period       ; clk   ; Rise       ; r[5]                         ;
; -1.000 ; 1.000        ; 2.000          ; Min Period       ; clk   ; Rise       ; r[6]                         ;
; -1.000 ; 1.000        ; 2.000          ; Min Period       ; clk   ; Rise       ; r[7]                         ;
; -1.000 ; 1.000        ; 2.000          ; Min Period       ; clk   ; Rise       ; s[1]                         ;
; -1.000 ; 1.000        ; 2.000          ; Min Period       ; clk   ; Rise       ; s[2]                         ;
; -1.000 ; 1.000        ; 2.000          ; Min Period       ; clk   ; Rise       ; s[3]                         ;
; -1.000 ; 1.000        ; 2.000          ; Min Period       ; clk   ; Rise       ; s[4]                         ;
; -1.000 ; 1.000        ; 2.000          ; Min Period       ; clk   ; Rise       ; s[5]                         ;
; -1.000 ; 1.000        ; 2.000          ; Min Period       ; clk   ; Rise       ; s[6]                         ;
; -1.000 ; 1.000        ; 2.000          ; Min Period       ; clk   ; Rise       ; s[7]                         ;
; -1.000 ; 1.000        ; 2.000          ; Min Period       ; clk   ; Rise       ; t                            ;
; -0.028 ; 0.156        ; 0.184          ; Low Pulse Width  ; clk   ; Rise       ; i[1]                         ;
; -0.028 ; 0.156        ; 0.184          ; Low Pulse Width  ; clk   ; Rise       ; i[2]                         ;
; -0.028 ; 0.156        ; 0.184          ; Low Pulse Width  ; clk   ; Rise       ; i[3]                         ;
; -0.028 ; 0.156        ; 0.184          ; Low Pulse Width  ; clk   ; Rise       ; i[5]                         ;
; -0.028 ; 0.156        ; 0.184          ; Low Pulse Width  ; clk   ; Rise       ; i[7]                         ;
; -0.028 ; 0.156        ; 0.184          ; Low Pulse Width  ; clk   ; Rise       ; r[0]                         ;
; -0.028 ; 0.156        ; 0.184          ; Low Pulse Width  ; clk   ; Rise       ; r[1]                         ;
; -0.028 ; 0.156        ; 0.184          ; Low Pulse Width  ; clk   ; Rise       ; r[2]                         ;
; -0.028 ; 0.156        ; 0.184          ; Low Pulse Width  ; clk   ; Rise       ; r[3]                         ;
; -0.028 ; 0.156        ; 0.184          ; Low Pulse Width  ; clk   ; Rise       ; s[1]                         ;
; -0.028 ; 0.156        ; 0.184          ; Low Pulse Width  ; clk   ; Rise       ; s[5]                         ;
; -0.027 ; 0.157        ; 0.184          ; Low Pulse Width  ; clk   ; Rise       ; current_state.DECIDE         ;
; -0.027 ; 0.157        ; 0.184          ; Low Pulse Width  ; clk   ; Rise       ; current_state.ESPERA         ;
; -0.027 ; 0.157        ; 0.184          ; Low Pulse Width  ; clk   ; Rise       ; current_state.INICIALIZA     ;
; -0.027 ; 0.157        ; 0.184          ; Low Pulse Width  ; clk   ; Rise       ; current_state.PROCESSA_0     ;
; -0.027 ; 0.157        ; 0.184          ; Low Pulse Width  ; clk   ; Rise       ; current_state.PRONTO         ;
; -0.027 ; 0.157        ; 0.184          ; Low Pulse Width  ; clk   ; Rise       ; i[4]                         ;
; -0.027 ; 0.157        ; 0.184          ; Low Pulse Width  ; clk   ; Rise       ; i[6]                         ;
; -0.027 ; 0.157        ; 0.184          ; Low Pulse Width  ; clk   ; Rise       ; r[4]                         ;
; -0.027 ; 0.157        ; 0.184          ; Low Pulse Width  ; clk   ; Rise       ; r[5]                         ;
; -0.027 ; 0.157        ; 0.184          ; Low Pulse Width  ; clk   ; Rise       ; r[6]                         ;
; -0.027 ; 0.157        ; 0.184          ; Low Pulse Width  ; clk   ; Rise       ; r[7]                         ;
; -0.027 ; 0.157        ; 0.184          ; Low Pulse Width  ; clk   ; Rise       ; s[2]                         ;
; -0.027 ; 0.157        ; 0.184          ; Low Pulse Width  ; clk   ; Rise       ; s[3]                         ;
; -0.027 ; 0.157        ; 0.184          ; Low Pulse Width  ; clk   ; Rise       ; s[4]                         ;
; -0.027 ; 0.157        ; 0.184          ; Low Pulse Width  ; clk   ; Rise       ; s[6]                         ;
; -0.027 ; 0.157        ; 0.184          ; Low Pulse Width  ; clk   ; Rise       ; s[7]                         ;
; -0.027 ; 0.157        ; 0.184          ; Low Pulse Width  ; clk   ; Rise       ; t                            ;
; 0.125  ; 0.125        ; 0.000          ; Low Pulse Width  ; clk   ; Rise       ; clk~input|o                  ;
; 0.139  ; 0.139        ; 0.000          ; Low Pulse Width  ; clk   ; Rise       ; clk~inputclkctrl|inclk[0]    ;
; 0.139  ; 0.139        ; 0.000          ; Low Pulse Width  ; clk   ; Rise       ; clk~inputclkctrl|outclk      ;
; 0.152  ; 0.152        ; 0.000          ; Low Pulse Width  ; clk   ; Rise       ; current_state.DECIDE|clk     ;
; 0.152  ; 0.152        ; 0.000          ; Low Pulse Width  ; clk   ; Rise       ; current_state.ESPERA|clk     ;
; 0.152  ; 0.152        ; 0.000          ; Low Pulse Width  ; clk   ; Rise       ; current_state.INICIALIZA|clk ;
; 0.152  ; 0.152        ; 0.000          ; Low Pulse Width  ; clk   ; Rise       ; current_state.PROCESSA_0|clk ;
; 0.152  ; 0.152        ; 0.000          ; Low Pulse Width  ; clk   ; Rise       ; current_state.PRONTO|clk     ;
; 0.152  ; 0.152        ; 0.000          ; Low Pulse Width  ; clk   ; Rise       ; i[1]|clk                     ;
; 0.152  ; 0.152        ; 0.000          ; Low Pulse Width  ; clk   ; Rise       ; i[2]|clk                     ;
; 0.152  ; 0.152        ; 0.000          ; Low Pulse Width  ; clk   ; Rise       ; i[3]|clk                     ;
; 0.152  ; 0.152        ; 0.000          ; Low Pulse Width  ; clk   ; Rise       ; i[4]|clk                     ;
; 0.152  ; 0.152        ; 0.000          ; Low Pulse Width  ; clk   ; Rise       ; i[5]|clk                     ;
; 0.152  ; 0.152        ; 0.000          ; Low Pulse Width  ; clk   ; Rise       ; i[6]|clk                     ;
; 0.152  ; 0.152        ; 0.000          ; Low Pulse Width  ; clk   ; Rise       ; i[7]|clk                     ;
; 0.152  ; 0.152        ; 0.000          ; Low Pulse Width  ; clk   ; Rise       ; r[0]|clk                     ;
; 0.152  ; 0.152        ; 0.000          ; Low Pulse Width  ; clk   ; Rise       ; r[1]|clk                     ;
; 0.152  ; 0.152        ; 0.000          ; Low Pulse Width  ; clk   ; Rise       ; r[2]|clk                     ;
; 0.152  ; 0.152        ; 0.000          ; Low Pulse Width  ; clk   ; Rise       ; r[3]|clk                     ;
; 0.152  ; 0.152        ; 0.000          ; Low Pulse Width  ; clk   ; Rise       ; r[4]|clk                     ;
; 0.152  ; 0.152        ; 0.000          ; Low Pulse Width  ; clk   ; Rise       ; r[5]|clk                     ;
; 0.152  ; 0.152        ; 0.000          ; Low Pulse Width  ; clk   ; Rise       ; r[6]|clk                     ;
; 0.152  ; 0.152        ; 0.000          ; Low Pulse Width  ; clk   ; Rise       ; r[7]|clk                     ;
; 0.152  ; 0.152        ; 0.000          ; Low Pulse Width  ; clk   ; Rise       ; s[1]|clk                     ;
; 0.152  ; 0.152        ; 0.000          ; Low Pulse Width  ; clk   ; Rise       ; s[2]|clk                     ;
; 0.152  ; 0.152        ; 0.000          ; Low Pulse Width  ; clk   ; Rise       ; s[3]|clk                     ;
; 0.152  ; 0.152        ; 0.000          ; Low Pulse Width  ; clk   ; Rise       ; s[4]|clk                     ;
; 0.152  ; 0.152        ; 0.000          ; Low Pulse Width  ; clk   ; Rise       ; s[5]|clk                     ;
; 0.152  ; 0.152        ; 0.000          ; Low Pulse Width  ; clk   ; Rise       ; s[6]|clk                     ;
; 0.152  ; 0.152        ; 0.000          ; Low Pulse Width  ; clk   ; Rise       ; s[7]|clk                     ;
; 0.152  ; 0.152        ; 0.000          ; Low Pulse Width  ; clk   ; Rise       ; t|clk                        ;
; 0.500  ; 0.500        ; 0.000          ; High Pulse Width ; clk   ; Rise       ; clk~input|i                  ;
; 0.500  ; 0.500        ; 0.000          ; Low Pulse Width  ; clk   ; Rise       ; clk~input|i                  ;
; 0.626  ; 0.842        ; 0.216          ; High Pulse Width ; clk   ; Rise       ; current_state.DECIDE         ;
; 0.626  ; 0.842        ; 0.216          ; High Pulse Width ; clk   ; Rise       ; current_state.ESPERA         ;
; 0.626  ; 0.842        ; 0.216          ; High Pulse Width ; clk   ; Rise       ; current_state.INICIALIZA     ;
; 0.626  ; 0.842        ; 0.216          ; High Pulse Width ; clk   ; Rise       ; current_state.PROCESSA_0     ;
; 0.626  ; 0.842        ; 0.216          ; High Pulse Width ; clk   ; Rise       ; current_state.PRONTO         ;
; 0.626  ; 0.842        ; 0.216          ; High Pulse Width ; clk   ; Rise       ; i[1]                         ;
; 0.626  ; 0.842        ; 0.216          ; High Pulse Width ; clk   ; Rise       ; i[2]                         ;
; 0.626  ; 0.842        ; 0.216          ; High Pulse Width ; clk   ; Rise       ; i[3]                         ;
; 0.626  ; 0.842        ; 0.216          ; High Pulse Width ; clk   ; Rise       ; i[4]                         ;
; 0.626  ; 0.842        ; 0.216          ; High Pulse Width ; clk   ; Rise       ; i[5]                         ;
+--------+--------------+----------------+------------------+-------+------------+------------------------------+


+-----------------------------------------------------------------------+
; Setup Times                                                           ;
+-----------+------------+-------+-------+------------+-----------------+
; Data Port ; Clock Port ; Rise  ; Fall  ; Clock Edge ; Clock Reference ;
+-----------+------------+-------+-------+------------+-----------------+
; input[*]  ; clk        ; 1.286 ; 1.919 ; Rise       ; clk             ;
;  input[1] ; clk        ; 1.010 ; 1.588 ; Rise       ; clk             ;
;  input[2] ; clk        ; 1.238 ; 1.869 ; Rise       ; clk             ;
;  input[3] ; clk        ; 1.029 ; 1.592 ; Rise       ; clk             ;
;  input[4] ; clk        ; 1.286 ; 1.919 ; Rise       ; clk             ;
;  input[5] ; clk        ; 1.151 ; 1.740 ; Rise       ; clk             ;
;  input[6] ; clk        ; 1.280 ; 1.900 ; Rise       ; clk             ;
;  input[7] ; clk        ; 1.152 ; 1.752 ; Rise       ; clk             ;
; start     ; clk        ; 0.037 ; 0.327 ; Rise       ; clk             ;
+-----------+------------+-------+-------+------------+-----------------+


+-------------------------------------------------------------------------+
; Hold Times                                                              ;
+-----------+------------+--------+--------+------------+-----------------+
; Data Port ; Clock Port ; Rise   ; Fall   ; Clock Edge ; Clock Reference ;
+-----------+------------+--------+--------+------------+-----------------+
; input[*]  ; clk        ; -0.794 ; -1.365 ; Rise       ; clk             ;
;  input[1] ; clk        ; -0.794 ; -1.365 ; Rise       ; clk             ;
;  input[2] ; clk        ; -1.013 ; -1.634 ; Rise       ; clk             ;
;  input[3] ; clk        ; -0.812 ; -1.369 ; Rise       ; clk             ;
;  input[4] ; clk        ; -1.058 ; -1.681 ; Rise       ; clk             ;
;  input[5] ; clk        ; -0.930 ; -1.511 ; Rise       ; clk             ;
;  input[6] ; clk        ; -1.052 ; -1.663 ; Rise       ; clk             ;
;  input[7] ; clk        ; -0.930 ; -1.522 ; Rise       ; clk             ;
; start     ; clk        ; 0.141  ; -0.145 ; Rise       ; clk             ;
+-----------+------------+--------+--------+------------+-----------------+


+-----------------------------------------------------------------------+
; Clock to Output Times                                                 ;
+-----------+------------+-------+-------+------------+-----------------+
; Data Port ; Clock Port ; Rise  ; Fall  ; Clock Edge ; Clock Reference ;
+-----------+------------+-------+-------+------------+-----------------+
; ready     ; clk        ; 3.603 ; 3.662 ; Rise       ; clk             ;
; sqrt[*]   ; clk        ; 4.212 ; 4.355 ; Rise       ; clk             ;
;  sqrt[0]  ; clk        ; 3.982 ; 4.072 ; Rise       ; clk             ;
;  sqrt[1]  ; clk        ; 3.994 ; 4.084 ; Rise       ; clk             ;
;  sqrt[2]  ; clk        ; 4.142 ; 4.243 ; Rise       ; clk             ;
;  sqrt[3]  ; clk        ; 3.987 ; 4.104 ; Rise       ; clk             ;
;  sqrt[4]  ; clk        ; 4.051 ; 4.133 ; Rise       ; clk             ;
;  sqrt[5]  ; clk        ; 4.212 ; 4.355 ; Rise       ; clk             ;
;  sqrt[6]  ; clk        ; 4.010 ; 4.111 ; Rise       ; clk             ;
;  sqrt[7]  ; clk        ; 3.870 ; 3.942 ; Rise       ; clk             ;
+-----------+------------+-------+-------+------------+-----------------+


+-----------------------------------------------------------------------+
; Minimum Clock to Output Times                                         ;
+-----------+------------+-------+-------+------------+-----------------+
; Data Port ; Clock Port ; Rise  ; Fall  ; Clock Edge ; Clock Reference ;
+-----------+------------+-------+-------+------------+-----------------+
; ready     ; clk        ; 3.484 ; 3.540 ; Rise       ; clk             ;
; sqrt[*]   ; clk        ; 3.660 ; 3.718 ; Rise       ; clk             ;
;  sqrt[0]  ; clk        ; 3.742 ; 3.818 ; Rise       ; clk             ;
;  sqrt[1]  ; clk        ; 3.707 ; 3.781 ; Rise       ; clk             ;
;  sqrt[2]  ; clk        ; 3.850 ; 3.935 ; Rise       ; clk             ;
;  sqrt[3]  ; clk        ; 3.689 ; 3.782 ; Rise       ; clk             ;
;  sqrt[4]  ; clk        ; 3.785 ; 3.852 ; Rise       ; clk             ;
;  sqrt[5]  ; clk        ; 3.821 ; 3.936 ; Rise       ; clk             ;
;  sqrt[6]  ; clk        ; 3.813 ; 3.900 ; Rise       ; clk             ;
;  sqrt[7]  ; clk        ; 3.660 ; 3.718 ; Rise       ; clk             ;
+-----------+------------+-------+-------+------------+-----------------+


---------------------------------------------
; Fast 1200mV 0C Model Metastability Report ;
---------------------------------------------
No synchronizer chains to report.


+-------------------------------------------------------------------------------+
; Multicorner Timing Analysis Summary                                           ;
+------------------+---------+-------+----------+---------+---------------------+
; Clock            ; Setup   ; Hold  ; Recovery ; Removal ; Minimum Pulse Width ;
+------------------+---------+-------+----------+---------+---------------------+
; Worst-case Slack ; -2.419  ; 0.186 ; N/A      ; N/A     ; -3.000              ;
;  clk             ; -2.419  ; 0.186 ; N/A      ; N/A     ; -3.000              ;
; Design-wide TNS  ; -26.085 ; 0.0   ; 0.0      ; 0.0     ; -31.767             ;
;  clk             ; -26.085 ; 0.000 ; N/A      ; N/A     ; -31.767             ;
+------------------+---------+-------+----------+---------+---------------------+


+-----------------------------------------------------------------------+
; Setup Times                                                           ;
+-----------+------------+-------+-------+------------+-----------------+
; Data Port ; Clock Port ; Rise  ; Fall  ; Clock Edge ; Clock Reference ;
+-----------+------------+-------+-------+------------+-----------------+
; input[*]  ; clk        ; 2.266 ; 2.783 ; Rise       ; clk             ;
;  input[1] ; clk        ; 1.831 ; 2.277 ; Rise       ; clk             ;
;  input[2] ; clk        ; 2.239 ; 2.731 ; Rise       ; clk             ;
;  input[3] ; clk        ; 1.856 ; 2.276 ; Rise       ; clk             ;
;  input[4] ; clk        ; 2.266 ; 2.783 ; Rise       ; clk             ;
;  input[5] ; clk        ; 2.077 ; 2.510 ; Rise       ; clk             ;
;  input[6] ; clk        ; 2.254 ; 2.749 ; Rise       ; clk             ;
;  input[7] ; clk        ; 2.074 ; 2.531 ; Rise       ; clk             ;
; start     ; clk        ; 0.045 ; 0.327 ; Rise       ; clk             ;
+-----------+------------+-------+-------+------------+-----------------+


+-------------------------------------------------------------------------+
; Hold Times                                                              ;
+-----------+------------+--------+--------+------------+-----------------+
; Data Port ; Clock Port ; Rise   ; Fall   ; Clock Edge ; Clock Reference ;
+-----------+------------+--------+--------+------------+-----------------+
; input[*]  ; clk        ; -0.794 ; -1.365 ; Rise       ; clk             ;
;  input[1] ; clk        ; -0.794 ; -1.365 ; Rise       ; clk             ;
;  input[2] ; clk        ; -1.013 ; -1.634 ; Rise       ; clk             ;
;  input[3] ; clk        ; -0.812 ; -1.369 ; Rise       ; clk             ;
;  input[4] ; clk        ; -1.058 ; -1.681 ; Rise       ; clk             ;
;  input[5] ; clk        ; -0.930 ; -1.511 ; Rise       ; clk             ;
;  input[6] ; clk        ; -1.052 ; -1.663 ; Rise       ; clk             ;
;  input[7] ; clk        ; -0.930 ; -1.522 ; Rise       ; clk             ;
; start     ; clk        ; 0.281  ; 0.170  ; Rise       ; clk             ;
+-----------+------------+--------+--------+------------+-----------------+


+-----------------------------------------------------------------------+
; Clock to Output Times                                                 ;
+-----------+------------+-------+-------+------------+-----------------+
; Data Port ; Clock Port ; Rise  ; Fall  ; Clock Edge ; Clock Reference ;
+-----------+------------+-------+-------+------------+-----------------+
; ready     ; clk        ; 6.189 ; 6.113 ; Rise       ; clk             ;
; sqrt[*]   ; clk        ; 7.309 ; 7.278 ; Rise       ; clk             ;
;  sqrt[0]  ; clk        ; 6.930 ; 6.847 ; Rise       ; clk             ;
;  sqrt[1]  ; clk        ; 6.941 ; 6.859 ; Rise       ; clk             ;
;  sqrt[2]  ; clk        ; 7.181 ; 7.100 ; Rise       ; clk             ;
;  sqrt[3]  ; clk        ; 6.902 ; 6.871 ; Rise       ; clk             ;
;  sqrt[4]  ; clk        ; 7.041 ; 6.955 ; Rise       ; clk             ;
;  sqrt[5]  ; clk        ; 7.309 ; 7.278 ; Rise       ; clk             ;
;  sqrt[6]  ; clk        ; 6.951 ; 6.911 ; Rise       ; clk             ;
;  sqrt[7]  ; clk        ; 6.715 ; 6.628 ; Rise       ; clk             ;
+-----------+------------+-------+-------+------------+-----------------+


+-----------------------------------------------------------------------+
; Minimum Clock to Output Times                                         ;
+-----------+------------+-------+-------+------------+-----------------+
; Data Port ; Clock Port ; Rise  ; Fall  ; Clock Edge ; Clock Reference ;
+-----------+------------+-------+-------+------------+-----------------+
; ready     ; clk        ; 3.484 ; 3.540 ; Rise       ; clk             ;
; sqrt[*]   ; clk        ; 3.660 ; 3.718 ; Rise       ; clk             ;
;  sqrt[0]  ; clk        ; 3.742 ; 3.818 ; Rise       ; clk             ;
;  sqrt[1]  ; clk        ; 3.707 ; 3.781 ; Rise       ; clk             ;
;  sqrt[2]  ; clk        ; 3.850 ; 3.935 ; Rise       ; clk             ;
;  sqrt[3]  ; clk        ; 3.689 ; 3.782 ; Rise       ; clk             ;
;  sqrt[4]  ; clk        ; 3.785 ; 3.852 ; Rise       ; clk             ;
;  sqrt[5]  ; clk        ; 3.821 ; 3.936 ; Rise       ; clk             ;
;  sqrt[6]  ; clk        ; 3.813 ; 3.900 ; Rise       ; clk             ;
;  sqrt[7]  ; clk        ; 3.660 ; 3.718 ; Rise       ; clk             ;
+-----------+------------+-------+-------+------------+-----------------+


+------------------------------------------------------------------------------------------------------------------------------------------------------------------------------------------------------------------------------------------------------------------------------------------------------------------------------------------------------------------------------------------------------------------+
; Board Trace Model Assignments                                                                                                                                                                                                                                                                                                                                                                                    ;
+---------------+--------------+-------------------+-------------------------+-------------------------+---------------+---------------------+----------------+------------------+--------+------------------+------------------------+------------------------+--------------+---------------+-----------------+-------+---------------------+--------------------+---------------+-----------------+-------------+
; Pin           ; I/O Standard ; Near Tline Length ; Near Tline L per Length ; Near Tline C per Length ; Near Series R ; Near Differential R ; Near Pull-up R ; Near Pull-down R ; Near C ; Far Tline Length ; Far Tline L per Length ; Far Tline C per Length ; Far Series R ; Far Pull-up R ; Far Pull-down R ; Far C ; Termination Voltage ; Far Differential R ; EBD File Name ; EBD Signal Name ; EBD Far-end ;
+---------------+--------------+-------------------+-------------------------+-------------------------+---------------+---------------------+----------------+------------------+--------+------------------+------------------------+------------------------+--------------+---------------+-----------------+-------+---------------------+--------------------+---------------+-----------------+-------------+
; ready         ; 2.5 V        ; 0 in              ; 0 H/in                  ; 0 F/in                  ; short         ; -                   ; open           ; open             ; open   ; 0 in             ; 0 H/in                 ; 0 F/in                 ; short        ; open          ; open            ; open  ; 0 V                 ; -                  ; n/a           ; n/a             ; n/a         ;
; sqrt[0]       ; 2.5 V        ; 0 in              ; 0 H/in                  ; 0 F/in                  ; short         ; -                   ; open           ; open             ; open   ; 0 in             ; 0 H/in                 ; 0 F/in                 ; short        ; open          ; open            ; open  ; 0 V                 ; -                  ; n/a           ; n/a             ; n/a         ;
; sqrt[1]       ; 2.5 V        ; 0 in              ; 0 H/in                  ; 0 F/in                  ; short         ; -                   ; open           ; open             ; open   ; 0 in             ; 0 H/in                 ; 0 F/in                 ; short        ; open          ; open            ; open  ; 0 V                 ; -                  ; n/a           ; n/a             ; n/a         ;
; sqrt[2]       ; 2.5 V        ; 0 in              ; 0 H/in                  ; 0 F/in                  ; short         ; -                   ; open           ; open             ; open   ; 0 in             ; 0 H/in                 ; 0 F/in                 ; short        ; open          ; open            ; open  ; 0 V                 ; -                  ; n/a           ; n/a             ; n/a         ;
; sqrt[3]       ; 2.5 V        ; 0 in              ; 0 H/in                  ; 0 F/in                  ; short         ; -                   ; open           ; open             ; open   ; 0 in             ; 0 H/in                 ; 0 F/in                 ; short        ; open          ; open            ; open  ; 0 V                 ; -                  ; n/a           ; n/a             ; n/a         ;
; sqrt[4]       ; 2.5 V        ; 0 in              ; 0 H/in                  ; 0 F/in                  ; short         ; -                   ; open           ; open             ; open   ; 0 in             ; 0 H/in                 ; 0 F/in                 ; short        ; open          ; open            ; open  ; 0 V                 ; -                  ; n/a           ; n/a             ; n/a         ;
; sqrt[5]       ; 2.5 V        ; 0 in              ; 0 H/in                  ; 0 F/in                  ; short         ; -                   ; open           ; open             ; open   ; 0 in             ; 0 H/in                 ; 0 F/in                 ; short        ; open          ; open            ; open  ; 0 V                 ; -                  ; n/a           ; n/a             ; n/a         ;
; sqrt[6]       ; 2.5 V        ; 0 in              ; 0 H/in                  ; 0 F/in                  ; short         ; -                   ; open           ; open             ; open   ; 0 in             ; 0 H/in                 ; 0 F/in                 ; short        ; open          ; open            ; open  ; 0 V                 ; -                  ; n/a           ; n/a             ; n/a         ;
; sqrt[7]       ; 2.5 V        ; 0 in              ; 0 H/in                  ; 0 F/in                  ; short         ; -                   ; open           ; open             ; open   ; 0 in             ; 0 H/in                 ; 0 F/in                 ; short        ; open          ; open            ; open  ; 0 V                 ; -                  ; n/a           ; n/a             ; n/a         ;
; ~ALTERA_NCEO~ ; 2.5 V        ; 0 in              ; 0 H/in                  ; 0 F/in                  ; short         ; -                   ; open           ; open             ; open   ; 0 in             ; 0 H/in                 ; 0 F/in                 ; short        ; open          ; open            ; open  ; 0 V                 ; -                  ; n/a           ; n/a             ; n/a         ;
; ~ALTERA_DCLK~ ; 2.5 V        ; 0 in              ; 0 H/in                  ; 0 F/in                  ; short         ; -                   ; open           ; open             ; open   ; 0 in             ; 0 H/in                 ; 0 F/in                 ; short        ; open          ; open            ; open  ; 0 V                 ; -                  ; n/a           ; n/a             ; n/a         ;
+---------------+--------------+-------------------+-------------------------+-------------------------+---------------+---------------------+----------------+------------------+--------+------------------+------------------------+------------------------+--------------+---------------+-----------------+-------+---------------------+--------------------+---------------+-----------------+-------------+


+-------------------------------------------------------------------+
; Input Transition Times                                            ;
+----------------+--------------+-----------------+-----------------+
; Pin            ; I/O Standard ; 10-90 Rise Time ; 90-10 Fall Time ;
+----------------+--------------+-----------------+-----------------+
; input[0]       ; 2.5 V        ; 2000 ps         ; 2000 ps         ;
; clk            ; 2.5 V        ; 2000 ps         ; 2000 ps         ;
; rst            ; 2.5 V        ; 2000 ps         ; 2000 ps         ;
; start          ; 2.5 V        ; 2000 ps         ; 2000 ps         ;
; input[7]       ; 2.5 V        ; 2000 ps         ; 2000 ps         ;
; input[6]       ; 2.5 V        ; 2000 ps         ; 2000 ps         ;
; input[5]       ; 2.5 V        ; 2000 ps         ; 2000 ps         ;
; input[4]       ; 2.5 V        ; 2000 ps         ; 2000 ps         ;
; input[3]       ; 2.5 V        ; 2000 ps         ; 2000 ps         ;
; input[2]       ; 2.5 V        ; 2000 ps         ; 2000 ps         ;
; input[1]       ; 2.5 V        ; 2000 ps         ; 2000 ps         ;
; ~ALTERA_DATA0~ ; 2.5 V        ; 2000 ps         ; 2000 ps         ;
; ~ALTERA_ASDO~  ; 2.5 V        ; 2000 ps         ; 2000 ps         ;
; ~ALTERA_NCSO~  ; 2.5 V        ; 2000 ps         ; 2000 ps         ;
+----------------+--------------+-----------------+-----------------+


+--------------------------------------------------------------------------------------------------------------------------------------------------------------------------------------------------------------------------------------------------------------------------------------------------------------------------------------------------------------------------------------------------------------------------------------------------------------------------------------------------------------------------------------------------------------------------------------------------------------------------------------------------------------------------------------------+
; Signal Integrity Metrics (Slow 1200mv 0c Model)                                                                                                                                                                                                                                                                                                                                                                                                                                                                                                                                                                                                                                            ;
+---------------+--------------+---------------------+---------------------+------------------------------+------------------------------+---------------------+---------------------+--------------------------------------+--------------------------------------+-----------------------------+-----------------------------+----------------------------+----------------------------+-----------------------------+-----------------------------+--------------------+--------------------+-------------------------------------+-------------------------------------+----------------------------+----------------------------+---------------------------+---------------------------+
; Pin           ; I/O Standard ; Board Delay on Rise ; Board Delay on Fall ; Steady State Voh at FPGA Pin ; Steady State Vol at FPGA Pin ; Voh Max at FPGA Pin ; Vol Min at FPGA Pin ; Ringback Voltage on Rise at FPGA Pin ; Ringback Voltage on Fall at FPGA Pin ; 10-90 Rise Time at FPGA Pin ; 90-10 Fall Time at FPGA Pin ; Monotonic Rise at FPGA Pin ; Monotonic Fall at FPGA Pin ; Steady State Voh at Far-end ; Steady State Vol at Far-end ; Voh Max at Far-end ; Vol Min at Far-end ; Ringback Voltage on Rise at Far-end ; Ringback Voltage on Fall at Far-end ; 10-90 Rise Time at Far-end ; 90-10 Fall Time at Far-end ; Monotonic Rise at Far-end ; Monotonic Fall at Far-end ;
+---------------+--------------+---------------------+---------------------+------------------------------+------------------------------+---------------------+---------------------+--------------------------------------+--------------------------------------+-----------------------------+-----------------------------+----------------------------+----------------------------+-----------------------------+-----------------------------+--------------------+--------------------+-------------------------------------+-------------------------------------+----------------------------+----------------------------+---------------------------+---------------------------+
; ready         ; 2.5 V        ; 0 s                 ; 0 s                 ; 2.32 V                       ; 7.29e-09 V                   ; 2.39 V              ; -0.00317 V          ; 0.179 V                              ; 0.007 V                              ; 4.7e-10 s                   ; 4.72e-10 s                  ; No                         ; Yes                        ; 2.32 V                      ; 7.29e-09 V                  ; 2.39 V             ; -0.00317 V         ; 0.179 V                             ; 0.007 V                             ; 4.7e-10 s                  ; 4.72e-10 s                 ; No                        ; Yes                       ;
; sqrt[0]       ; 2.5 V        ; 0 s                 ; 0 s                 ; 2.32 V                       ; 7.29e-09 V                   ; 2.39 V              ; -0.00317 V          ; 0.179 V                              ; 0.007 V                              ; 4.7e-10 s                   ; 4.72e-10 s                  ; No                         ; Yes                        ; 2.32 V                      ; 7.29e-09 V                  ; 2.39 V             ; -0.00317 V         ; 0.179 V                             ; 0.007 V                             ; 4.7e-10 s                  ; 4.72e-10 s                 ; No                        ; Yes                       ;
; sqrt[1]       ; 2.5 V        ; 0 s                 ; 0 s                 ; 2.32 V                       ; 7.29e-09 V                   ; 2.39 V              ; -0.00317 V          ; 0.179 V                              ; 0.007 V                              ; 4.7e-10 s                   ; 4.72e-10 s                  ; No                         ; Yes                        ; 2.32 V                      ; 7.29e-09 V                  ; 2.39 V             ; -0.00317 V         ; 0.179 V                             ; 0.007 V                             ; 4.7e-10 s                  ; 4.72e-10 s                 ; No                        ; Yes                       ;
; sqrt[2]       ; 2.5 V        ; 0 s                 ; 0 s                 ; 2.32 V                       ; 7.29e-09 V                   ; 2.39 V              ; -0.00317 V          ; 0.179 V                              ; 0.007 V                              ; 4.7e-10 s                   ; 4.72e-10 s                  ; No                         ; Yes                        ; 2.32 V                      ; 7.29e-09 V                  ; 2.39 V             ; -0.00317 V         ; 0.179 V                             ; 0.007 V                             ; 4.7e-10 s                  ; 4.72e-10 s                 ; No                        ; Yes                       ;
; sqrt[3]       ; 2.5 V        ; 0 s                 ; 0 s                 ; 2.32 V                       ; 7.29e-09 V                   ; 2.39 V              ; -0.00317 V          ; 0.179 V                              ; 0.007 V                              ; 4.7e-10 s                   ; 4.72e-10 s                  ; No                         ; Yes                        ; 2.32 V                      ; 7.29e-09 V                  ; 2.39 V             ; -0.00317 V         ; 0.179 V                             ; 0.007 V                             ; 4.7e-10 s                  ; 4.72e-10 s                 ; No                        ; Yes                       ;
; sqrt[4]       ; 2.5 V        ; 0 s                 ; 0 s                 ; 2.32 V                       ; 7.29e-09 V                   ; 2.39 V              ; -0.00339 V          ; 0.206 V                              ; 0.007 V                              ; 2.77e-10 s                  ; 3.24e-10 s                  ; Yes                        ; Yes                        ; 2.32 V                      ; 7.29e-09 V                  ; 2.39 V             ; -0.00339 V         ; 0.206 V                             ; 0.007 V                             ; 2.77e-10 s                 ; 3.24e-10 s                 ; Yes                       ; Yes                       ;
; sqrt[5]       ; 2.5 V        ; 0 s                 ; 0 s                 ; 2.32 V                       ; 7.29e-09 V                   ; 2.39 V              ; -0.00317 V          ; 0.179 V                              ; 0.007 V                              ; 4.7e-10 s                   ; 4.72e-10 s                  ; No                         ; Yes                        ; 2.32 V                      ; 7.29e-09 V                  ; 2.39 V             ; -0.00317 V         ; 0.179 V                             ; 0.007 V                             ; 4.7e-10 s                  ; 4.72e-10 s                 ; No                        ; Yes                       ;
; sqrt[6]       ; 2.5 V        ; 0 s                 ; 0 s                 ; 2.32 V                       ; 7.29e-09 V                   ; 2.39 V              ; -0.00339 V          ; 0.206 V                              ; 0.007 V                              ; 2.77e-10 s                  ; 3.24e-10 s                  ; Yes                        ; Yes                        ; 2.32 V                      ; 7.29e-09 V                  ; 2.39 V             ; -0.00339 V         ; 0.206 V                             ; 0.007 V                             ; 2.77e-10 s                 ; 3.24e-10 s                 ; Yes                       ; Yes                       ;
; sqrt[7]       ; 2.5 V        ; 0 s                 ; 0 s                 ; 2.32 V                       ; 7.29e-09 V                   ; 2.39 V              ; -0.00339 V          ; 0.206 V                              ; 0.007 V                              ; 2.77e-10 s                  ; 3.24e-10 s                  ; Yes                        ; Yes                        ; 2.32 V                      ; 7.29e-09 V                  ; 2.39 V             ; -0.00339 V         ; 0.206 V                             ; 0.007 V                             ; 2.77e-10 s                 ; 3.24e-10 s                 ; Yes                       ; Yes                       ;
; ~ALTERA_NCEO~ ; 2.5 V        ; 0 s                 ; 0 s                 ; 2.32 V                       ; 4.76e-09 V                   ; 2.4 V               ; -0.034 V            ; 0.102 V                              ; 0.065 V                              ; 2.49e-10 s                  ; 3.49e-10 s                  ; Yes                        ; Yes                        ; 2.32 V                      ; 4.76e-09 V                  ; 2.4 V              ; -0.034 V           ; 0.102 V                             ; 0.065 V                             ; 2.49e-10 s                 ; 3.49e-10 s                 ; Yes                       ; Yes                       ;
; ~ALTERA_DCLK~ ; 2.5 V        ; 0 s                 ; 0 s                 ; 2.32 V                       ; 5.94e-09 V                   ; 2.39 V              ; -0.0344 V           ; 0.156 V                              ; 0.089 V                              ; 2.68e-10 s                  ; 2.6e-10 s                   ; Yes                        ; Yes                        ; 2.32 V                      ; 5.94e-09 V                  ; 2.39 V             ; -0.0344 V          ; 0.156 V                             ; 0.089 V                             ; 2.68e-10 s                 ; 2.6e-10 s                  ; Yes                       ; Yes                       ;
+---------------+--------------+---------------------+---------------------+------------------------------+------------------------------+---------------------+---------------------+--------------------------------------+--------------------------------------+-----------------------------+-----------------------------+----------------------------+----------------------------+-----------------------------+-----------------------------+--------------------+--------------------+-------------------------------------+-------------------------------------+----------------------------+----------------------------+---------------------------+---------------------------+


+--------------------------------------------------------------------------------------------------------------------------------------------------------------------------------------------------------------------------------------------------------------------------------------------------------------------------------------------------------------------------------------------------------------------------------------------------------------------------------------------------------------------------------------------------------------------------------------------------------------------------------------------------------------------------------------------+
; Signal Integrity Metrics (Slow 1200mv 85c Model)                                                                                                                                                                                                                                                                                                                                                                                                                                                                                                                                                                                                                                           ;
+---------------+--------------+---------------------+---------------------+------------------------------+------------------------------+---------------------+---------------------+--------------------------------------+--------------------------------------+-----------------------------+-----------------------------+----------------------------+----------------------------+-----------------------------+-----------------------------+--------------------+--------------------+-------------------------------------+-------------------------------------+----------------------------+----------------------------+---------------------------+---------------------------+
; Pin           ; I/O Standard ; Board Delay on Rise ; Board Delay on Fall ; Steady State Voh at FPGA Pin ; Steady State Vol at FPGA Pin ; Voh Max at FPGA Pin ; Vol Min at FPGA Pin ; Ringback Voltage on Rise at FPGA Pin ; Ringback Voltage on Fall at FPGA Pin ; 10-90 Rise Time at FPGA Pin ; 90-10 Fall Time at FPGA Pin ; Monotonic Rise at FPGA Pin ; Monotonic Fall at FPGA Pin ; Steady State Voh at Far-end ; Steady State Vol at Far-end ; Voh Max at Far-end ; Vol Min at Far-end ; Ringback Voltage on Rise at Far-end ; Ringback Voltage on Fall at Far-end ; 10-90 Rise Time at Far-end ; 90-10 Fall Time at Far-end ; Monotonic Rise at Far-end ; Monotonic Fall at Far-end ;
+---------------+--------------+---------------------+---------------------+------------------------------+------------------------------+---------------------+---------------------+--------------------------------------+--------------------------------------+-----------------------------+-----------------------------+----------------------------+----------------------------+-----------------------------+-----------------------------+--------------------+--------------------+-------------------------------------+-------------------------------------+----------------------------+----------------------------+---------------------------+---------------------------+
; ready         ; 2.5 V        ; 0 s                 ; 0 s                 ; 2.32 V                       ; 1.21e-06 V                   ; 2.36 V              ; -0.00833 V          ; 0.113 V                              ; 0.035 V                              ; 6.32e-10 s                  ; 5.89e-10 s                  ; No                         ; Yes                        ; 2.32 V                      ; 1.21e-06 V                  ; 2.36 V             ; -0.00833 V         ; 0.113 V                             ; 0.035 V                             ; 6.32e-10 s                 ; 5.89e-10 s                 ; No                        ; Yes                       ;
; sqrt[0]       ; 2.5 V        ; 0 s                 ; 0 s                 ; 2.32 V                       ; 1.21e-06 V                   ; 2.36 V              ; -0.00833 V          ; 0.113 V                              ; 0.035 V                              ; 6.32e-10 s                  ; 5.89e-10 s                  ; No                         ; Yes                        ; 2.32 V                      ; 1.21e-06 V                  ; 2.36 V             ; -0.00833 V         ; 0.113 V                             ; 0.035 V                             ; 6.32e-10 s                 ; 5.89e-10 s                 ; No                        ; Yes                       ;
; sqrt[1]       ; 2.5 V        ; 0 s                 ; 0 s                 ; 2.32 V                       ; 1.21e-06 V                   ; 2.36 V              ; -0.00833 V          ; 0.113 V                              ; 0.035 V                              ; 6.32e-10 s                  ; 5.89e-10 s                  ; No                         ; Yes                        ; 2.32 V                      ; 1.21e-06 V                  ; 2.36 V             ; -0.00833 V         ; 0.113 V                             ; 0.035 V                             ; 6.32e-10 s                 ; 5.89e-10 s                 ; No                        ; Yes                       ;
; sqrt[2]       ; 2.5 V        ; 0 s                 ; 0 s                 ; 2.32 V                       ; 1.21e-06 V                   ; 2.36 V              ; -0.00833 V          ; 0.113 V                              ; 0.035 V                              ; 6.32e-10 s                  ; 5.89e-10 s                  ; No                         ; Yes                        ; 2.32 V                      ; 1.21e-06 V                  ; 2.36 V             ; -0.00833 V         ; 0.113 V                             ; 0.035 V                             ; 6.32e-10 s                 ; 5.89e-10 s                 ; No                        ; Yes                       ;
; sqrt[3]       ; 2.5 V        ; 0 s                 ; 0 s                 ; 2.32 V                       ; 1.21e-06 V                   ; 2.36 V              ; -0.00833 V          ; 0.113 V                              ; 0.035 V                              ; 6.32e-10 s                  ; 5.89e-10 s                  ; No                         ; Yes                        ; 2.32 V                      ; 1.21e-06 V                  ; 2.36 V             ; -0.00833 V         ; 0.113 V                             ; 0.035 V                             ; 6.32e-10 s                 ; 5.89e-10 s                 ; No                        ; Yes                       ;
; sqrt[4]       ; 2.5 V        ; 0 s                 ; 0 s                 ; 2.32 V                       ; 1.21e-06 V                   ; 2.37 V              ; -0.00606 V          ; 0.107 V                              ; 0.021 V                              ; 4.26e-10 s                  ; 4.03e-10 s                  ; Yes                        ; Yes                        ; 2.32 V                      ; 1.21e-06 V                  ; 2.37 V             ; -0.00606 V         ; 0.107 V                             ; 0.021 V                             ; 4.26e-10 s                 ; 4.03e-10 s                 ; Yes                       ; Yes                       ;
; sqrt[5]       ; 2.5 V        ; 0 s                 ; 0 s                 ; 2.32 V                       ; 1.21e-06 V                   ; 2.36 V              ; -0.00833 V          ; 0.113 V                              ; 0.035 V                              ; 6.32e-10 s                  ; 5.89e-10 s                  ; No                         ; Yes                        ; 2.32 V                      ; 1.21e-06 V                  ; 2.36 V             ; -0.00833 V         ; 0.113 V                             ; 0.035 V                             ; 6.32e-10 s                 ; 5.89e-10 s                 ; No                        ; Yes                       ;
; sqrt[6]       ; 2.5 V        ; 0 s                 ; 0 s                 ; 2.32 V                       ; 1.21e-06 V                   ; 2.37 V              ; -0.00606 V          ; 0.107 V                              ; 0.021 V                              ; 4.26e-10 s                  ; 4.03e-10 s                  ; Yes                        ; Yes                        ; 2.32 V                      ; 1.21e-06 V                  ; 2.37 V             ; -0.00606 V         ; 0.107 V                             ; 0.021 V                             ; 4.26e-10 s                 ; 4.03e-10 s                 ; Yes                       ; Yes                       ;
; sqrt[7]       ; 2.5 V        ; 0 s                 ; 0 s                 ; 2.32 V                       ; 1.21e-06 V                   ; 2.37 V              ; -0.00606 V          ; 0.107 V                              ; 0.021 V                              ; 4.26e-10 s                  ; 4.03e-10 s                  ; Yes                        ; Yes                        ; 2.32 V                      ; 1.21e-06 V                  ; 2.37 V             ; -0.00606 V         ; 0.107 V                             ; 0.021 V                             ; 4.26e-10 s                 ; 4.03e-10 s                 ; Yes                       ; Yes                       ;
; ~ALTERA_NCEO~ ; 2.5 V        ; 0 s                 ; 0 s                 ; 2.32 V                       ; 7.93e-07 V                   ; 2.37 V              ; -0.0278 V           ; 0.106 V                              ; 0.115 V                              ; 2.69e-10 s                  ; 4.05e-10 s                  ; Yes                        ; Yes                        ; 2.32 V                      ; 7.93e-07 V                  ; 2.37 V             ; -0.0278 V          ; 0.106 V                             ; 0.115 V                             ; 2.69e-10 s                 ; 4.05e-10 s                 ; Yes                       ; Yes                       ;
; ~ALTERA_DCLK~ ; 2.5 V        ; 0 s                 ; 0 s                 ; 2.32 V                       ; 9.76e-07 V                   ; 2.36 V              ; -0.00439 V          ; 0.088 V                              ; 0.007 V                              ; 4.05e-10 s                  ; 3.35e-10 s                  ; Yes                        ; Yes                        ; 2.32 V                      ; 9.76e-07 V                  ; 2.36 V             ; -0.00439 V         ; 0.088 V                             ; 0.007 V                             ; 4.05e-10 s                 ; 3.35e-10 s                 ; Yes                       ; Yes                       ;
+---------------+--------------+---------------------+---------------------+------------------------------+------------------------------+---------------------+---------------------+--------------------------------------+--------------------------------------+-----------------------------+-----------------------------+----------------------------+----------------------------+-----------------------------+-----------------------------+--------------------+--------------------+-------------------------------------+-------------------------------------+----------------------------+----------------------------+---------------------------+---------------------------+


+--------------------------------------------------------------------------------------------------------------------------------------------------------------------------------------------------------------------------------------------------------------------------------------------------------------------------------------------------------------------------------------------------------------------------------------------------------------------------------------------------------------------------------------------------------------------------------------------------------------------------------------------------------------------------------------------+
; Signal Integrity Metrics (Fast 1200mv 0c Model)                                                                                                                                                                                                                                                                                                                                                                                                                                                                                                                                                                                                                                            ;
+---------------+--------------+---------------------+---------------------+------------------------------+------------------------------+---------------------+---------------------+--------------------------------------+--------------------------------------+-----------------------------+-----------------------------+----------------------------+----------------------------+-----------------------------+-----------------------------+--------------------+--------------------+-------------------------------------+-------------------------------------+----------------------------+----------------------------+---------------------------+---------------------------+
; Pin           ; I/O Standard ; Board Delay on Rise ; Board Delay on Fall ; Steady State Voh at FPGA Pin ; Steady State Vol at FPGA Pin ; Voh Max at FPGA Pin ; Vol Min at FPGA Pin ; Ringback Voltage on Rise at FPGA Pin ; Ringback Voltage on Fall at FPGA Pin ; 10-90 Rise Time at FPGA Pin ; 90-10 Fall Time at FPGA Pin ; Monotonic Rise at FPGA Pin ; Monotonic Fall at FPGA Pin ; Steady State Voh at Far-end ; Steady State Vol at Far-end ; Voh Max at Far-end ; Vol Min at Far-end ; Ringback Voltage on Rise at Far-end ; Ringback Voltage on Fall at Far-end ; 10-90 Rise Time at Far-end ; 90-10 Fall Time at Far-end ; Monotonic Rise at Far-end ; Monotonic Fall at Far-end ;
+---------------+--------------+---------------------+---------------------+------------------------------+------------------------------+---------------------+---------------------+--------------------------------------+--------------------------------------+-----------------------------+-----------------------------+----------------------------+----------------------------+-----------------------------+-----------------------------+--------------------+--------------------+-------------------------------------+-------------------------------------+----------------------------+----------------------------+---------------------------+---------------------------+
; ready         ; 2.5 V        ; 0 s                 ; 0 s                 ; 2.62 V                       ; 4.66e-08 V                   ; 2.72 V              ; -0.0215 V           ; 0.161 V                              ; 0.061 V                              ; 4.44e-10 s                  ; 4.06e-10 s                  ; No                         ; Yes                        ; 2.62 V                      ; 4.66e-08 V                  ; 2.72 V             ; -0.0215 V          ; 0.161 V                             ; 0.061 V                             ; 4.44e-10 s                 ; 4.06e-10 s                 ; No                        ; Yes                       ;
; sqrt[0]       ; 2.5 V        ; 0 s                 ; 0 s                 ; 2.62 V                       ; 4.66e-08 V                   ; 2.72 V              ; -0.0215 V           ; 0.161 V                              ; 0.061 V                              ; 4.44e-10 s                  ; 4.06e-10 s                  ; No                         ; Yes                        ; 2.62 V                      ; 4.66e-08 V                  ; 2.72 V             ; -0.0215 V          ; 0.161 V                             ; 0.061 V                             ; 4.44e-10 s                 ; 4.06e-10 s                 ; No                        ; Yes                       ;
; sqrt[1]       ; 2.5 V        ; 0 s                 ; 0 s                 ; 2.62 V                       ; 4.66e-08 V                   ; 2.72 V              ; -0.0215 V           ; 0.161 V                              ; 0.061 V                              ; 4.44e-10 s                  ; 4.06e-10 s                  ; No                         ; Yes                        ; 2.62 V                      ; 4.66e-08 V                  ; 2.72 V             ; -0.0215 V          ; 0.161 V                             ; 0.061 V                             ; 4.44e-10 s                 ; 4.06e-10 s                 ; No                        ; Yes                       ;
; sqrt[2]       ; 2.5 V        ; 0 s                 ; 0 s                 ; 2.62 V                       ; 4.66e-08 V                   ; 2.72 V              ; -0.0215 V           ; 0.161 V                              ; 0.061 V                              ; 4.44e-10 s                  ; 4.06e-10 s                  ; No                         ; Yes                        ; 2.62 V                      ; 4.66e-08 V                  ; 2.72 V             ; -0.0215 V          ; 0.161 V                             ; 0.061 V                             ; 4.44e-10 s                 ; 4.06e-10 s                 ; No                        ; Yes                       ;
; sqrt[3]       ; 2.5 V        ; 0 s                 ; 0 s                 ; 2.62 V                       ; 4.66e-08 V                   ; 2.72 V              ; -0.0215 V           ; 0.161 V                              ; 0.061 V                              ; 4.44e-10 s                  ; 4.06e-10 s                  ; No                         ; Yes                        ; 2.62 V                      ; 4.66e-08 V                  ; 2.72 V             ; -0.0215 V          ; 0.161 V                             ; 0.061 V                             ; 4.44e-10 s                 ; 4.06e-10 s                 ; No                        ; Yes                       ;
; sqrt[4]       ; 2.5 V        ; 0 s                 ; 0 s                 ; 2.62 V                       ; 4.66e-08 V                   ; 2.73 V              ; -0.0205 V           ; 0.17 V                               ; 0.027 V                              ; 2.58e-10 s                  ; 2.57e-10 s                  ; Yes                        ; Yes                        ; 2.62 V                      ; 4.66e-08 V                  ; 2.73 V             ; -0.0205 V          ; 0.17 V                              ; 0.027 V                             ; 2.58e-10 s                 ; 2.57e-10 s                 ; Yes                       ; Yes                       ;
; sqrt[5]       ; 2.5 V        ; 0 s                 ; 0 s                 ; 2.62 V                       ; 4.66e-08 V                   ; 2.72 V              ; -0.0215 V           ; 0.161 V                              ; 0.061 V                              ; 4.44e-10 s                  ; 4.06e-10 s                  ; No                         ; Yes                        ; 2.62 V                      ; 4.66e-08 V                  ; 2.72 V             ; -0.0215 V          ; 0.161 V                             ; 0.061 V                             ; 4.44e-10 s                 ; 4.06e-10 s                 ; No                        ; Yes                       ;
; sqrt[6]       ; 2.5 V        ; 0 s                 ; 0 s                 ; 2.62 V                       ; 4.66e-08 V                   ; 2.73 V              ; -0.0205 V           ; 0.17 V                               ; 0.027 V                              ; 2.58e-10 s                  ; 2.57e-10 s                  ; Yes                        ; Yes                        ; 2.62 V                      ; 4.66e-08 V                  ; 2.73 V             ; -0.0205 V          ; 0.17 V                              ; 0.027 V                             ; 2.58e-10 s                 ; 2.57e-10 s                 ; Yes                       ; Yes                       ;
; sqrt[7]       ; 2.5 V        ; 0 s                 ; 0 s                 ; 2.62 V                       ; 4.66e-08 V                   ; 2.73 V              ; -0.0205 V           ; 0.17 V                               ; 0.027 V                              ; 2.58e-10 s                  ; 2.57e-10 s                  ; Yes                        ; Yes                        ; 2.62 V                      ; 4.66e-08 V                  ; 2.73 V             ; -0.0205 V          ; 0.17 V                              ; 0.027 V                             ; 2.58e-10 s                 ; 2.57e-10 s                 ; Yes                       ; Yes                       ;
; ~ALTERA_NCEO~ ; 2.5 V        ; 0 s                 ; 0 s                 ; 2.62 V                       ; 3.06e-08 V                   ; 2.86 V              ; -0.0341 V           ; 0.364 V                              ; 0.046 V                              ; 1.17e-10 s                  ; 2.6e-10 s                   ; No                         ; Yes                        ; 2.62 V                      ; 3.06e-08 V                  ; 2.86 V             ; -0.0341 V          ; 0.364 V                             ; 0.046 V                             ; 1.17e-10 s                 ; 2.6e-10 s                  ; No                        ; Yes                       ;
; ~ALTERA_DCLK~ ; 2.5 V        ; 0 s                 ; 0 s                 ; 2.62 V                       ; 3.81e-08 V                   ; 2.72 V              ; -0.0542 V           ; 0.144 V                              ; 0.087 V                              ; 2.55e-10 s                  ; 2.14e-10 s                  ; Yes                        ; Yes                        ; 2.62 V                      ; 3.81e-08 V                  ; 2.72 V             ; -0.0542 V          ; 0.144 V                             ; 0.087 V                             ; 2.55e-10 s                 ; 2.14e-10 s                 ; Yes                       ; Yes                       ;
+---------------+--------------+---------------------+---------------------+------------------------------+------------------------------+---------------------+---------------------+--------------------------------------+--------------------------------------+-----------------------------+-----------------------------+----------------------------+----------------------------+-----------------------------+-----------------------------+--------------------+--------------------+-------------------------------------+-------------------------------------+----------------------------+----------------------------+---------------------------+---------------------------+


+-------------------------------------------------------------------+
; Setup Transfers                                                   ;
+------------+----------+----------+----------+----------+----------+
; From Clock ; To Clock ; RR Paths ; FR Paths ; RF Paths ; FF Paths ;
+------------+----------+----------+----------+----------+----------+
; clk        ; clk      ; 219      ; 0        ; 0        ; 0        ;
+------------+----------+----------+----------+----------+----------+
Entries labeled "false path" only account for clock-to-clock false paths and not path-based false paths. As a result, actual path counts may be lower than reported.


+-------------------------------------------------------------------+
; Hold Transfers                                                    ;
+------------+----------+----------+----------+----------+----------+
; From Clock ; To Clock ; RR Paths ; FR Paths ; RF Paths ; FF Paths ;
+------------+----------+----------+----------+----------+----------+
; clk        ; clk      ; 219      ; 0        ; 0        ; 0        ;
+------------+----------+----------+----------+----------+----------+
Entries labeled "false path" only account for clock-to-clock false paths and not path-based false paths. As a result, actual path counts may be lower than reported.


---------------
; Report TCCS ;
---------------
No dedicated SERDES Transmitter circuitry present in device or used in design


---------------
; Report RSKM ;
---------------
No dedicated SERDES Receiver circuitry present in device or used in design


+------------------------------------------------+
; Unconstrained Paths                            ;
+---------------------------------+-------+------+
; Property                        ; Setup ; Hold ;
+---------------------------------+-------+------+
; Illegal Clocks                  ; 0     ; 0    ;
; Unconstrained Clocks            ; 0     ; 0    ;
; Unconstrained Input Ports       ; 9     ; 9    ;
; Unconstrained Input Port Paths  ; 37    ; 37   ;
; Unconstrained Output Ports      ; 9     ; 9    ;
; Unconstrained Output Port Paths ; 17    ; 17   ;
+---------------------------------+-------+------+


+------------------------------------+
; TimeQuest Timing Analyzer Messages ;
+------------------------------------+
Info: *******************************************************************
Info: Running Quartus II 64-Bit TimeQuest Timing Analyzer
    Info: Version 13.0.1 Build 232 06/12/2013 Service Pack 1 SJ Web Edition
    Info: Processing started: Wed May 27 14:28:12 2026
Info: Command: quartus_sta raiz -c raiz
Info: qsta_default_script.tcl version: #1
Warning (20028): Parallel compilation is not licensed and has been disabled
Info (21076): High junction temperature operating condition is not set. Assuming a default value of '85'.
Info (21076): Low junction temperature operating condition is not set. Assuming a default value of '0'.
Critical Warning (332012): Synopsys Design Constraints File file not found: 'raiz.sdc'. A Synopsys Design Constraints File is required by the TimeQuest Timing Analyzer to get proper timing constraints. Without it, the Compiler will not properly optimize the design.
Info (332142): No user constrained base clocks found in the design. Calling "derive_clocks -period 1.0"
Info (332105): Deriving Clocks
    Info (332105): create_clock -period 1.000 -name clk clk
Info (332143): No user constrained clock uncertainty found in the design. Calling "derive_clock_uncertainty"
Info (332123): Deriving Clock Uncertainty. Please refer to report_sdc in TimeQuest to see clock uncertainties.
Info: Found TIMEQUEST_REPORT_SCRIPT_INCLUDE_DEFAULT_ANALYSIS = ON
Info: Analyzing Slow 1200mV 85C Model
Critical Warning (332148): Timing requirements not met
    Info (11105): For recommendations on closing timing, run Report Timing Closure Recommendations in the TimeQuest Timing Analyzer.
Info (332146): Worst-case setup slack is -2.419
    Info (332119):     Slack End Point TNS Clock 
    Info (332119): ========= ============= =====================
    Info (332119):    -2.419       -26.085 clk 
Info (332146): Worst-case hold slack is 0.356
    Info (332119):     Slack End Point TNS Clock 
    Info (332119): ========= ============= =====================
    Info (332119):     0.356         0.000 clk 
Info (332140): No Recovery paths to report
Info (332140): No Removal paths to report
Info (332146): Worst-case minimum pulse width slack is -3.000
    Info (332119):     Slack End Point TNS Clock 
    Info (332119): ========= ============= =====================
    Info (332119):    -3.000       -31.000 clk 
Info: Analyzing Slow 1200mV 0C Model
Info (334003): Started post-fitting delay annotation
Info (334004): Delay annotation completed successfully
Info (332123): Deriving Clock Uncertainty. Please refer to report_sdc in TimeQuest to see clock uncertainties.
Critical Warning (332148): Timing requirements not met
    Info (11105): For recommendations on closing timing, run Report Timing Closure Recommendations in the TimeQuest Timing Analyzer.
Info (332146): Worst-case setup slack is -2.034
    Info (332119):     Slack End Point TNS Clock 
    Info (332119): ========= ============= =====================
    Info (332119):    -2.034       -20.726 clk 
Info (332146): Worst-case hold slack is 0.310
    Info (332119):     Slack End Point TNS Clock 
    Info (332119): ========= ============= =====================
    Info (332119):     0.310         0.000 clk 
Info (332140): No Recovery paths to report
Info (332140): No Removal paths to report
Info (332146): Worst-case minimum pulse width slack is -3.000
    Info (332119):     Slack End Point TNS Clock 
    Info (332119): ========= ============= =====================
    Info (332119):    -3.000       -31.000 clk 
Info: Analyzing Fast 1200mV 0C Model
Info (332123): Deriving Clock Uncertainty. Please refer to report_sdc in TimeQuest to see clock uncertainties.
Critical Warning (332148): Timing requirements not met
    Info (11105): For recommendations on closing timing, run Report Timing Closure Recommendations in the TimeQuest Timing Analyzer.
Info (332146): Worst-case setup slack is -0.918
    Info (332119):     Slack End Point TNS Clock 
    Info (332119): ========= ============= =====================
    Info (332119):    -0.918        -5.088 clk 
Info (332146): Worst-case hold slack is 0.186
    Info (332119):     Slack End Point TNS Clock 
    Info (332119): ========= ============= =====================
    Info (332119):     0.186         0.000 clk 
Info (332140): No Recovery paths to report
Info (332140): No Removal paths to report
Info (332146): Worst-case minimum pulse width slack is -3.000
    Info (332119):     Slack End Point TNS Clock 
    Info (332119): ========= ============= =====================
    Info (332119):    -3.000       -31.767 clk 
Info (332102): Design is not fully constrained for setup requirements
Info (332102): Design is not fully constrained for hold requirements
Info: Quartus II 64-Bit TimeQuest Timing Analyzer was successful. 0 errors, 5 warnings
    Info: Peak virtual memory: 4610 megabytes
    Info: Processing ended: Wed May 27 14:28:14 2026
    Info: Elapsed time: 00:00:02
    Info: Total CPU time (on all processors): 00:00:02


